Entity,Code,Year,Adults (ages 15+) and children (ages 0-14) newly infected with HIV
Afghanistan,AFG,1990,100
Afghanistan,AFG,1991,100
Afghanistan,AFG,1992,100
Afghanistan,AFG,1993,200
Afghanistan,AFG,1994,200
Afghanistan,AFG,1995,200
Afghanistan,AFG,1996,200
Afghanistan,AFG,1997,500
Afghanistan,AFG,1998,500
Afghanistan,AFG,1999,500
Afghanistan,AFG,2000,500
Afghanistan,AFG,2001,500
Afghanistan,AFG,2002,500
Afghanistan,AFG,2003,500
Afghanistan,AFG,2004,500
Afghanistan,AFG,2005,500
Afghanistan,AFG,2006,530
Afghanistan,AFG,2007,570
Afghanistan,AFG,2008,610
Afghanistan,AFG,2009,650
Afghanistan,AFG,2010,710
Afghanistan,AFG,2011,780
Afghanistan,AFG,2012,850
Afghanistan,AFG,2013,940
Afghanistan,AFG,2014,1000
Afghanistan,AFG,2015,1100
Afghanistan,AFG,2016,1200
Afghanistan,AFG,2017,1300
Afghanistan,AFG,2018,1400
Afghanistan,AFG,2019,1500
Afghanistan,AFG,2020,1600
Albania,ALB,1990,100
Albania,ALB,1991,100
Albania,ALB,1992,100
Albania,ALB,1993,100
Albania,ALB,1994,100
Albania,ALB,1995,100
Albania,ALB,1996,100
Albania,ALB,1997,100
Albania,ALB,1998,100
Albania,ALB,1999,100
Albania,ALB,2000,100
Albania,ALB,2001,100
Albania,ALB,2002,100
Albania,ALB,2003,100
Albania,ALB,2004,100
Albania,ALB,2005,100
Albania,ALB,2006,100
Albania,ALB,2007,100
Albania,ALB,2008,100
Albania,ALB,2009,100
Albania,ALB,2010,200
Albania,ALB,2011,200
Albania,ALB,2012,200
Albania,ALB,2013,200
Albania,ALB,2014,200
Albania,ALB,2015,200
Albania,ALB,2016,200
Albania,ALB,2017,200
Albania,ALB,2018,200
Albania,ALB,2019,100
Albania,ALB,2020,100
Algeria,DZA,1990,100
Algeria,DZA,1991,200
Algeria,DZA,1992,200
Algeria,DZA,1993,200
Algeria,DZA,1994,200
Algeria,DZA,1995,200
Algeria,DZA,1996,500
Algeria,DZA,1997,500
Algeria,DZA,1998,500
Algeria,DZA,1999,500
Algeria,DZA,2000,500
Algeria,DZA,2001,500
Algeria,DZA,2002,500
Algeria,DZA,2003,500
Algeria,DZA,2004,500
Algeria,DZA,2005,500
Algeria,DZA,2006,530
Algeria,DZA,2007,570
Algeria,DZA,2008,600
Algeria,DZA,2009,660
Algeria,DZA,2010,720
Algeria,DZA,2011,820
Algeria,DZA,2012,950
Algeria,DZA,2013,1100
Algeria,DZA,2014,1400
Algeria,DZA,2015,1700
Algeria,DZA,2016,1700
Algeria,DZA,2017,1700
Algeria,DZA,2018,1700
Algeria,DZA,2019,1600
Algeria,DZA,2020,1700
Angola,AGO,1990,3400
Angola,AGO,1991,4300
Angola,AGO,1992,5400
Angola,AGO,1993,6500
Angola,AGO,1994,7900
Angola,AGO,1995,9300
Angola,AGO,1996,11000
Angola,AGO,1997,13000
Angola,AGO,1998,15000
Angola,AGO,1999,17000
Angola,AGO,2000,19000
Angola,AGO,2001,21000
Angola,AGO,2002,23000
Angola,AGO,2003,24000
Angola,AGO,2004,26000
Angola,AGO,2005,27000
Angola,AGO,2006,28000
Angola,AGO,2007,29000
Angola,AGO,2008,29000
Angola,AGO,2009,29000
Angola,AGO,2010,29000
Angola,AGO,2011,30000
Angola,AGO,2012,29000
Angola,AGO,2013,29000
Angola,AGO,2014,27000
Angola,AGO,2015,26000
Angola,AGO,2016,26000
Angola,AGO,2017,26000
Angola,AGO,2018,25000
Angola,AGO,2019,23000
Angola,AGO,2020,22000
Argentina,ARG,1990,4500
Argentina,ARG,1991,5400
Argentina,ARG,1992,6000
Argentina,ARG,1993,6300
Argentina,ARG,1994,6500
Argentina,ARG,1995,6500
Argentina,ARG,1996,6500
Argentina,ARG,1997,6400
Argentina,ARG,1998,6300
Argentina,ARG,1999,6000
Argentina,ARG,2000,5900
Argentina,ARG,2001,5800
Argentina,ARG,2002,5800
Argentina,ARG,2003,5800
Argentina,ARG,2004,5800
Argentina,ARG,2005,5800
Argentina,ARG,2006,6000
Argentina,ARG,2007,6100
Argentina,ARG,2008,6000
Argentina,ARG,2009,6100
Argentina,ARG,2010,6100
Argentina,ARG,2011,6100
Argentina,ARG,2012,6000
Argentina,ARG,2013,6000
Argentina,ARG,2014,6000
Argentina,ARG,2015,6000
Argentina,ARG,2016,6000
Argentina,ARG,2017,5900
Argentina,ARG,2018,5900
Argentina,ARG,2019,5800
Argentina,ARG,2020,5600
Armenia,ARM,1990,100
Armenia,ARM,1991,100
Armenia,ARM,1992,100
Armenia,ARM,1993,100
Armenia,ARM,1994,100
Armenia,ARM,1995,100
Armenia,ARM,1996,100
Armenia,ARM,1997,200
Armenia,ARM,1998,500
Armenia,ARM,1999,500
Armenia,ARM,2000,500
Armenia,ARM,2001,500
Armenia,ARM,2002,540
Armenia,ARM,2003,600
Armenia,ARM,2004,610
Armenia,ARM,2005,580
Armenia,ARM,2006,520
Armenia,ARM,2007,500
Armenia,ARM,2008,500
Armenia,ARM,2009,500
Armenia,ARM,2010,500
Armenia,ARM,2011,500
Armenia,ARM,2012,500
Armenia,ARM,2013,500
Armenia,ARM,2014,500
Armenia,ARM,2015,500
Armenia,ARM,2016,500
Armenia,ARM,2017,500
Armenia,ARM,2018,500
Armenia,ARM,2019,500
Armenia,ARM,2020,500
Australia,AUS,1990,1300
Australia,AUS,1991,1200
Australia,AUS,1992,1100
Australia,AUS,1993,990
Australia,AUS,1994,910
Australia,AUS,1995,840
Australia,AUS,1996,780
Australia,AUS,1997,730
Australia,AUS,1998,700
Australia,AUS,1999,680
Australia,AUS,2000,650
Australia,AUS,2001,650
Australia,AUS,2002,660
Australia,AUS,2003,680
Australia,AUS,2004,720
Australia,AUS,2005,770
Australia,AUS,2006,820
Australia,AUS,2007,880
Australia,AUS,2008,930
Australia,AUS,2009,970
Australia,AUS,2010,1000
Australia,AUS,2011,1000
Australia,AUS,2012,1000
Australia,AUS,2013,1000
Australia,AUS,2014,1000
Australia,AUS,2015,1000
Australia,AUS,2016,980
Australia,AUS,2017,930
Australia,AUS,2018,880
Australia,AUS,2019,820
Australia,AUS,2020,750
Azerbaijan,AZE,1990,100
Azerbaijan,AZE,1991,100
Azerbaijan,AZE,1992,100
Azerbaijan,AZE,1993,200
Azerbaijan,AZE,1994,200
Azerbaijan,AZE,1995,500
Azerbaijan,AZE,1996,500
Azerbaijan,AZE,1997,590
Azerbaijan,AZE,1998,770
Azerbaijan,AZE,1999,970
Azerbaijan,AZE,2000,1100
Azerbaijan,AZE,2001,1100
Azerbaijan,AZE,2002,1100
Azerbaijan,AZE,2003,1000
Azerbaijan,AZE,2004,920
Azerbaijan,AZE,2005,940
Azerbaijan,AZE,2006,900
Azerbaijan,AZE,2007,860
Azerbaijan,AZE,2008,770
Azerbaijan,AZE,2009,750
Azerbaijan,AZE,2010,690
Azerbaijan,AZE,2011,660
Azerbaijan,AZE,2012,640
Azerbaijan,AZE,2013,610
Azerbaijan,AZE,2014,580
Azerbaijan,AZE,2015,560
Azerbaijan,AZE,2016,530
Azerbaijan,AZE,2017,500
Azerbaijan,AZE,2018,500
Azerbaijan,AZE,2019,500
Azerbaijan,AZE,2020,500
Bahamas,BHS,1990,500
Bahamas,BHS,1991,500
Bahamas,BHS,1992,500
Bahamas,BHS,1993,500
Bahamas,BHS,1994,500
Bahamas,BHS,1995,500
Bahamas,BHS,1996,500
Bahamas,BHS,1997,500
Bahamas,BHS,1998,500
Bahamas,BHS,1999,500
Bahamas,BHS,2000,500
Bahamas,BHS,2001,500
Bahamas,BHS,2002,500
Bahamas,BHS,2003,500
Bahamas,BHS,2004,500
Bahamas,BHS,2005,500
Bahamas,BHS,2006,500
Bahamas,BHS,2007,500
Bahamas,BHS,2008,500
Bahamas,BHS,2009,200
Bahamas,BHS,2010,500
Bahamas,BHS,2011,200
Bahamas,BHS,2012,200
Bahamas,BHS,2013,200
Bahamas,BHS,2014,200
Bahamas,BHS,2015,200
Bahamas,BHS,2016,200
Bahamas,BHS,2017,200
Bahamas,BHS,2018,200
Bahamas,BHS,2019,200
Bahamas,BHS,2020,200
Belarus,BLR,1990,100
Belarus,BLR,1991,100
Belarus,BLR,1992,100
Belarus,BLR,1993,100
Belarus,BLR,1994,100
Belarus,BLR,1995,200
Belarus,BLR,1996,200
Belarus,BLR,1997,500
Belarus,BLR,1998,500
Belarus,BLR,1999,500
Belarus,BLR,2000,500
Belarus,BLR,2001,620
Belarus,BLR,2002,780
Belarus,BLR,2003,960
Belarus,BLR,2004,1200
Belarus,BLR,2005,1400
Belarus,BLR,2006,1700
Belarus,BLR,2007,1800
Belarus,BLR,2008,1900
Belarus,BLR,2009,2100
Belarus,BLR,2010,2100
Belarus,BLR,2011,2200
Belarus,BLR,2012,2200
Belarus,BLR,2013,2200
Belarus,BLR,2014,2200
Belarus,BLR,2015,2100
Belarus,BLR,2016,2000
Belarus,BLR,2017,1900
Belarus,BLR,2018,1700
Belarus,BLR,2019,1500
Belarus,BLR,2020,1300
Belize,BLZ,1990,100
Belize,BLZ,1991,100
Belize,BLZ,1992,100
Belize,BLZ,1993,100
Belize,BLZ,1994,100
Belize,BLZ,1995,200
Belize,BLZ,1996,200
Belize,BLZ,1997,500
Belize,BLZ,1998,500
Belize,BLZ,1999,500
Belize,BLZ,2000,500
Belize,BLZ,2001,500
Belize,BLZ,2002,500
Belize,BLZ,2003,500
Belize,BLZ,2004,500
Belize,BLZ,2005,500
Belize,BLZ,2006,500
Belize,BLZ,2007,500
Belize,BLZ,2008,500
Belize,BLZ,2009,500
Belize,BLZ,2010,500
Belize,BLZ,2011,500
Belize,BLZ,2012,500
Belize,BLZ,2013,500
Belize,BLZ,2014,500
Belize,BLZ,2015,500
Belize,BLZ,2016,500
Belize,BLZ,2017,500
Belize,BLZ,2018,500
Belize,BLZ,2019,500
Belize,BLZ,2020,500
Benin,BEN,1990,5300
Benin,BEN,1991,6100
Benin,BEN,1992,6500
Benin,BEN,1993,6900
Benin,BEN,1994,7200
Benin,BEN,1995,7300
Benin,BEN,1996,7200
Benin,BEN,1997,7400
Benin,BEN,1998,7200
Benin,BEN,1999,7100
Benin,BEN,2000,6900
Benin,BEN,2001,6900
Benin,BEN,2002,6800
Benin,BEN,2003,6700
Benin,BEN,2004,6600
Benin,BEN,2005,6400
Benin,BEN,2006,6400
Benin,BEN,2007,6300
Benin,BEN,2008,5700
Benin,BEN,2009,5100
Benin,BEN,2010,5000
Benin,BEN,2011,4700
Benin,BEN,2012,4400
Benin,BEN,2013,4300
Benin,BEN,2014,4300
Benin,BEN,2015,3900
Benin,BEN,2016,3500
Benin,BEN,2017,3300
Benin,BEN,2018,3100
Benin,BEN,2019,2600
Benin,BEN,2020,2300
Bhutan,BTN,1990,100
Bhutan,BTN,1991,100
Bhutan,BTN,1992,100
Bhutan,BTN,1993,100
Bhutan,BTN,1994,100
Bhutan,BTN,1995,100
Bhutan,BTN,1996,100
Bhutan,BTN,1997,100
Bhutan,BTN,1998,100
Bhutan,BTN,1999,100
Bhutan,BTN,2000,200
Bhutan,BTN,2001,200
Bhutan,BTN,2002,200
Bhutan,BTN,2003,200
Bhutan,BTN,2004,200
Bhutan,BTN,2005,200
Bhutan,BTN,2006,200
Bhutan,BTN,2007,200
Bhutan,BTN,2008,200
Bhutan,BTN,2009,200
Bhutan,BTN,2010,200
Bhutan,BTN,2011,100
Bhutan,BTN,2012,100
Bhutan,BTN,2013,100
Bhutan,BTN,2014,100
Bhutan,BTN,2015,100
Bhutan,BTN,2016,100
Bhutan,BTN,2017,100
Bhutan,BTN,2018,100
Bhutan,BTN,2019,100
Bhutan,BTN,2020,100
Bolivia,BOL,1990,500
Bolivia,BOL,1991,500
Bolivia,BOL,1992,500
Bolivia,BOL,1993,500
Bolivia,BOL,1994,670
Bolivia,BOL,1995,1000
Bolivia,BOL,1996,1400
Bolivia,BOL,1997,1600
Bolivia,BOL,1998,1500
Bolivia,BOL,1999,1300
Bolivia,BOL,2000,1100
Bolivia,BOL,2001,980
Bolivia,BOL,2002,950
Bolivia,BOL,2003,970
Bolivia,BOL,2004,980
Bolivia,BOL,2005,1000
Bolivia,BOL,2006,1000
Bolivia,BOL,2007,1000
Bolivia,BOL,2008,1100
Bolivia,BOL,2009,1100
Bolivia,BOL,2010,1000
Bolivia,BOL,2011,1100
Bolivia,BOL,2012,1100
Bolivia,BOL,2013,1100
Bolivia,BOL,2014,1100
Bolivia,BOL,2015,1100
Bolivia,BOL,2016,1100
Bolivia,BOL,2017,1100
Bolivia,BOL,2018,1000
Bolivia,BOL,2019,940
Bolivia,BOL,2020,870
Botswana,BWA,1990,16000
Botswana,BWA,1991,23000
Botswana,BWA,1992,28000
Botswana,BWA,1993,33000
Botswana,BWA,1994,36000
Botswana,BWA,1995,37000
Botswana,BWA,1996,36000
Botswana,BWA,1997,34000
Botswana,BWA,1998,32000
Botswana,BWA,1999,30000
Botswana,BWA,2000,27000
Botswana,BWA,2001,25000
Botswana,BWA,2002,23000
Botswana,BWA,2003,21000
Botswana,BWA,2004,19000
Botswana,BWA,2005,17000
Botswana,BWA,2006,16000
Botswana,BWA,2007,15000
Botswana,BWA,2008,15000
Botswana,BWA,2009,14000
Botswana,BWA,2010,14000
Botswana,BWA,2011,14000
Botswana,BWA,2012,13000
Botswana,BWA,2013,12000
Botswana,BWA,2014,12000
Botswana,BWA,2015,12000
Botswana,BWA,2016,11000
Botswana,BWA,2017,10000
Botswana,BWA,2018,9800
Botswana,BWA,2019,9200
Botswana,BWA,2020,8900
Brazil,BRA,1990,30000
Brazil,BRA,1991,32000
Brazil,BRA,1992,34000
Brazil,BRA,1993,36000
Brazil,BRA,1994,38000
Brazil,BRA,1995,39000
Brazil,BRA,1996,39000
Brazil,BRA,1997,40000
Brazil,BRA,1998,42000
Brazil,BRA,1999,43000
Brazil,BRA,2000,42000
Brazil,BRA,2001,43000
Brazil,BRA,2002,44000
Brazil,BRA,2003,44000
Brazil,BRA,2004,45000
Brazil,BRA,2005,46000
Brazil,BRA,2006,46000
Brazil,BRA,2007,46000
Brazil,BRA,2008,47000
Brazil,BRA,2009,47000
Brazil,BRA,2010,47000
Brazil,BRA,2011,48000
Brazil,BRA,2012,47000
Brazil,BRA,2013,47000
Brazil,BRA,2014,47000
Brazil,BRA,2015,47000
Brazil,BRA,2016,47000
Brazil,BRA,2017,47000
Brazil,BRA,2018,47000
Brazil,BRA,2019,47000
Brazil,BRA,2020,48000
Burkina Faso,BFA,1990,25000
Burkina Faso,BFA,1991,23000
Burkina Faso,BFA,1992,23000
Burkina Faso,BFA,1993,22000
Burkina Faso,BFA,1994,20000
Burkina Faso,BFA,1995,19000
Burkina Faso,BFA,1996,17000
Burkina Faso,BFA,1997,17000
Burkina Faso,BFA,1998,16000
Burkina Faso,BFA,1999,14000
Burkina Faso,BFA,2000,13000
Burkina Faso,BFA,2001,12000
Burkina Faso,BFA,2002,11000
Burkina Faso,BFA,2003,11000
Burkina Faso,BFA,2004,9900
Burkina Faso,BFA,2005,9200
Burkina Faso,BFA,2006,8600
Burkina Faso,BFA,2007,7800
Burkina Faso,BFA,2008,7500
Burkina Faso,BFA,2009,6800
Burkina Faso,BFA,2010,6300
Burkina Faso,BFA,2011,5800
Burkina Faso,BFA,2012,5500
Burkina Faso,BFA,2013,5300
Burkina Faso,BFA,2014,4800
Burkina Faso,BFA,2015,2600
Burkina Faso,BFA,2016,2400
Burkina Faso,BFA,2017,2200
Burkina Faso,BFA,2018,2100
Burkina Faso,BFA,2019,1900
Burkina Faso,BFA,2020,2100
Burundi,BDI,1990,27000
Burundi,BDI,1991,25000
Burundi,BDI,1992,25000
Burundi,BDI,1993,21000
Burundi,BDI,1994,19000
Burundi,BDI,1995,17000
Burundi,BDI,1996,15000
Burundi,BDI,1997,13000
Burundi,BDI,1998,12000
Burundi,BDI,1999,10000
Burundi,BDI,2000,9600
Burundi,BDI,2001,8800
Burundi,BDI,2002,8100
Burundi,BDI,2003,7400
Burundi,BDI,2004,6700
Burundi,BDI,2005,6000
Burundi,BDI,2006,5800
Burundi,BDI,2007,5400
Burundi,BDI,2008,5000
Burundi,BDI,2009,4900
Burundi,BDI,2010,4300
Burundi,BDI,2011,4000
Burundi,BDI,2012,3700
Burundi,BDI,2013,3400
Burundi,BDI,2014,3100
Burundi,BDI,2015,2800
Burundi,BDI,2016,2400
Burundi,BDI,2017,2200
Burundi,BDI,2018,1900
Burundi,BDI,2019,1700
Burundi,BDI,2020,1700
Cambodia,KHM,1990,500
Cambodia,KHM,1991,760
Cambodia,KHM,1992,2300
Cambodia,KHM,1993,5300
Cambodia,KHM,1994,9200
Cambodia,KHM,1995,13000
Cambodia,KHM,1996,14000
Cambodia,KHM,1997,14000
Cambodia,KHM,1998,13000
Cambodia,KHM,1999,11000
Cambodia,KHM,2000,8700
Cambodia,KHM,2001,6600
Cambodia,KHM,2002,5800
Cambodia,KHM,2003,5200
Cambodia,KHM,2004,4700
Cambodia,KHM,2005,4200
Cambodia,KHM,2006,3600
Cambodia,KHM,2007,3100
Cambodia,KHM,2008,2700
Cambodia,KHM,2009,2300
Cambodia,KHM,2010,2100
Cambodia,KHM,2011,1800
Cambodia,KHM,2012,1700
Cambodia,KHM,2013,1600
Cambodia,KHM,2014,1400
Cambodia,KHM,2015,1400
Cambodia,KHM,2016,1300
Cambodia,KHM,2017,1200
Cambodia,KHM,2018,1200
Cambodia,KHM,2019,1200
Cambodia,KHM,2020,1100
Cameroon,CMR,1990,16000
Cameroon,CMR,1991,21000
Cameroon,CMR,1992,27000
Cameroon,CMR,1993,34000
Cameroon,CMR,1994,41000
Cameroon,CMR,1995,47000
Cameroon,CMR,1996,53000
Cameroon,CMR,1997,58000
Cameroon,CMR,1998,62000
Cameroon,CMR,1999,61000
Cameroon,CMR,2000,60000
Cameroon,CMR,2001,57000
Cameroon,CMR,2002,55000
Cameroon,CMR,2003,51000
Cameroon,CMR,2004,48000
Cameroon,CMR,2005,46000
Cameroon,CMR,2006,44000
Cameroon,CMR,2007,42000
Cameroon,CMR,2008,40000
Cameroon,CMR,2009,39000
Cameroon,CMR,2010,35000
Cameroon,CMR,2011,33000
Cameroon,CMR,2012,30000
Cameroon,CMR,2013,27000
Cameroon,CMR,2014,26000
Cameroon,CMR,2015,24000
Cameroon,CMR,2016,23000
Cameroon,CMR,2017,20000
Cameroon,CMR,2018,18000
Cameroon,CMR,2019,17000
Cameroon,CMR,2020,15000
Chad,TCD,1990,8100
Chad,TCD,1991,9800
Chad,TCD,1992,11000
Chad,TCD,1993,12000
Chad,TCD,1994,12000
Chad,TCD,1995,12000
Chad,TCD,1996,12000
Chad,TCD,1997,12000
Chad,TCD,1998,11000
Chad,TCD,1999,11000
Chad,TCD,2000,11000
Chad,TCD,2001,10000
Chad,TCD,2002,10000
Chad,TCD,2003,9800
Chad,TCD,2004,9700
Chad,TCD,2005,9500
Chad,TCD,2006,9000
Chad,TCD,2007,8600
Chad,TCD,2008,8500
Chad,TCD,2009,7700
Chad,TCD,2010,7100
Chad,TCD,2011,6700
Chad,TCD,2012,6500
Chad,TCD,2013,5900
Chad,TCD,2014,5200
Chad,TCD,2015,5300
Chad,TCD,2016,4800
Chad,TCD,2017,4800
Chad,TCD,2018,4500
Chad,TCD,2019,4000
Chad,TCD,2020,3500
Chile,CHL,1990,710
Chile,CHL,1991,900
Chile,CHL,1992,1100
Chile,CHL,1993,1400
Chile,CHL,1994,1700
Chile,CHL,1995,2000
Chile,CHL,1996,2300
Chile,CHL,1997,2500
Chile,CHL,1998,2700
Chile,CHL,1999,2700
Chile,CHL,2000,2700
Chile,CHL,2001,2500
Chile,CHL,2002,2200
Chile,CHL,2003,2000
Chile,CHL,2004,1900
Chile,CHL,2005,1900
Chile,CHL,2006,1900
Chile,CHL,2007,2100
Chile,CHL,2008,2300
Chile,CHL,2009,2700
Chile,CHL,2010,3100
Chile,CHL,2011,3500
Chile,CHL,2012,3800
Chile,CHL,2013,4100
Chile,CHL,2014,4400
Chile,CHL,2015,4700
Chile,CHL,2016,4800
Chile,CHL,2017,5000
Chile,CHL,2018,5000
Chile,CHL,2019,5100
Chile,CHL,2020,5000
Colombia,COL,1990,7400
Colombia,COL,1991,8800
Colombia,COL,1992,9800
Colombia,COL,1993,11000
Colombia,COL,1994,11000
Colombia,COL,1995,11000
Colombia,COL,1996,11000
Colombia,COL,1997,11000
Colombia,COL,1998,11000
Colombia,COL,1999,11000
Colombia,COL,2000,11000
Colombia,COL,2001,11000
Colombia,COL,2002,11000
Colombia,COL,2003,9800
Colombia,COL,2004,8600
Colombia,COL,2005,8800
Colombia,COL,2006,9300
Colombia,COL,2007,8900
Colombia,COL,2008,8400
Colombia,COL,2009,9300
Colombia,COL,2010,10000
Colombia,COL,2011,10000
Colombia,COL,2012,10000
Colombia,COL,2013,10000
Colombia,COL,2014,9800
Colombia,COL,2015,9600
Colombia,COL,2016,9400
Colombia,COL,2017,9100
Colombia,COL,2018,9200
Colombia,COL,2019,9400
Colombia,COL,2020,9300
Comoros,COM,1990,100
Comoros,COM,1991,100
Comoros,COM,1992,100
Comoros,COM,1993,100
Comoros,COM,1994,100
Comoros,COM,1995,100
Comoros,COM,1996,100
Comoros,COM,1997,100
Comoros,COM,1998,100
Comoros,COM,1999,100
Comoros,COM,2000,100
Comoros,COM,2001,100
Comoros,COM,2002,100
Comoros,COM,2003,100
Comoros,COM,2004,100
Comoros,COM,2005,100
Comoros,COM,2006,100
Comoros,COM,2007,100
Comoros,COM,2008,100
Comoros,COM,2009,100
Comoros,COM,2010,100
Comoros,COM,2011,100
Comoros,COM,2012,100
Comoros,COM,2013,100
Comoros,COM,2014,100
Comoros,COM,2015,100
Comoros,COM,2016,100
Comoros,COM,2017,100
Comoros,COM,2018,100
Comoros,COM,2019,100
Comoros,COM,2020,100
Congo,COG,1990,11000
Congo,COG,1991,11000
Congo,COG,1992,10000
Congo,COG,1993,9000
Congo,COG,1994,8200
Congo,COG,1995,8000
Congo,COG,1996,7900
Congo,COG,1997,7800
Congo,COG,1998,7300
Congo,COG,1999,7500
Congo,COG,2000,7200
Congo,COG,2001,7100
Congo,COG,2002,7300
Congo,COG,2003,7100
Congo,COG,2004,7200
Congo,COG,2005,6900
Congo,COG,2006,6800
Congo,COG,2007,6900
Congo,COG,2008,7200
Congo,COG,2009,7000
Congo,COG,2010,7200
Congo,COG,2011,7200
Congo,COG,2012,7500
Congo,COG,2013,7800
Congo,COG,2014,8200
Congo,COG,2015,8600
Congo,COG,2016,8700
Congo,COG,2017,8900
Congo,COG,2018,9400
Congo,COG,2019,9700
Congo,COG,2020,10000
Costa Rica,CRI,1990,500
Costa Rica,CRI,1991,500
Costa Rica,CRI,1992,500
Costa Rica,CRI,1993,500
Costa Rica,CRI,1994,500
Costa Rica,CRI,1995,500
Costa Rica,CRI,1996,500
Costa Rica,CRI,1997,500
Costa Rica,CRI,1998,500
Costa Rica,CRI,1999,500
Costa Rica,CRI,2000,500
Costa Rica,CRI,2001,500
Costa Rica,CRI,2002,500
Costa Rica,CRI,2003,500
Costa Rica,CRI,2004,500
Costa Rica,CRI,2005,500
Costa Rica,CRI,2006,500
Costa Rica,CRI,2007,500
Costa Rica,CRI,2008,520
Costa Rica,CRI,2009,550
Costa Rica,CRI,2010,590
Costa Rica,CRI,2011,640
Costa Rica,CRI,2012,700
Costa Rica,CRI,2013,770
Costa Rica,CRI,2014,860
Costa Rica,CRI,2015,960
Costa Rica,CRI,2016,1100
Costa Rica,CRI,2017,1200
Costa Rica,CRI,2018,1400
Costa Rica,CRI,2019,1500
Costa Rica,CRI,2020,1700
Cote d'Ivoire,CIV,1990,73000
Cote d'Ivoire,CIV,1991,84000
Cote d'Ivoire,CIV,1992,91000
Cote d'Ivoire,CIV,1993,96000
Cote d'Ivoire,CIV,1994,96000
Cote d'Ivoire,CIV,1995,93000
Cote d'Ivoire,CIV,1996,84000
Cote d'Ivoire,CIV,1997,80000
Cote d'Ivoire,CIV,1998,72000
Cote d'Ivoire,CIV,1999,65000
Cote d'Ivoire,CIV,2000,60000
Cote d'Ivoire,CIV,2001,55000
Cote d'Ivoire,CIV,2002,49000
Cote d'Ivoire,CIV,2003,45000
Cote d'Ivoire,CIV,2004,41000
Cote d'Ivoire,CIV,2005,37000
Cote d'Ivoire,CIV,2006,34000
Cote d'Ivoire,CIV,2007,31000
Cote d'Ivoire,CIV,2008,27000
Cote d'Ivoire,CIV,2009,25000
Cote d'Ivoire,CIV,2010,22000
Cote d'Ivoire,CIV,2011,21000
Cote d'Ivoire,CIV,2012,18000
Cote d'Ivoire,CIV,2013,15000
Cote d'Ivoire,CIV,2014,14000
Cote d'Ivoire,CIV,2015,12000
Cote d'Ivoire,CIV,2016,12000
Cote d'Ivoire,CIV,2017,10000
Cote d'Ivoire,CIV,2018,8600
Cote d'Ivoire,CIV,2019,6800
Cote d'Ivoire,CIV,2020,6200
Croatia,HRV,1990,100
Croatia,HRV,1991,100
Croatia,HRV,1992,100
Croatia,HRV,1993,100
Croatia,HRV,1994,100
Croatia,HRV,1995,100
Croatia,HRV,1996,100
Croatia,HRV,1997,100
Croatia,HRV,1998,100
Croatia,HRV,1999,100
Croatia,HRV,2000,100
Croatia,HRV,2001,100
Croatia,HRV,2002,100
Croatia,HRV,2003,100
Croatia,HRV,2004,100
Croatia,HRV,2005,100
Croatia,HRV,2006,100
Croatia,HRV,2007,100
Croatia,HRV,2008,100
Croatia,HRV,2009,100
Croatia,HRV,2010,100
Croatia,HRV,2011,100
Croatia,HRV,2012,100
Croatia,HRV,2013,100
Croatia,HRV,2014,100
Croatia,HRV,2015,100
Croatia,HRV,2016,100
Croatia,HRV,2017,100
Croatia,HRV,2018,100
Croatia,HRV,2019,100
Croatia,HRV,2020,100
Cuba,CUB,1990,200
Cuba,CUB,1991,200
Cuba,CUB,1992,200
Cuba,CUB,1993,200
Cuba,CUB,1994,200
Cuba,CUB,1995,500
Cuba,CUB,1996,500
Cuba,CUB,1997,500
Cuba,CUB,1998,510
Cuba,CUB,1999,640
Cuba,CUB,2000,800
Cuba,CUB,2001,980
Cuba,CUB,2002,1200
Cuba,CUB,2003,1400
Cuba,CUB,2004,1500
Cuba,CUB,2005,1700
Cuba,CUB,2006,1800
Cuba,CUB,2007,1900
Cuba,CUB,2008,2000
Cuba,CUB,2009,2000
Cuba,CUB,2010,2100
Cuba,CUB,2011,2100
Cuba,CUB,2012,2100
Cuba,CUB,2013,2100
Cuba,CUB,2014,2100
Cuba,CUB,2015,2100
Cuba,CUB,2016,2100
Cuba,CUB,2017,2100
Cuba,CUB,2018,2100
Cuba,CUB,2019,2000
Cuba,CUB,2020,2000
Democratic Republic of Congo,COD,1990,63000
Democratic Republic of Congo,COD,1991,67000
Democratic Republic of Congo,COD,1992,70000
Democratic Republic of Congo,COD,1993,71000
Democratic Republic of Congo,COD,1994,70000
Democratic Republic of Congo,COD,1995,69000
Democratic Republic of Congo,COD,1996,67000
Democratic Republic of Congo,COD,1997,65000
Democratic Republic of Congo,COD,1998,61000
Democratic Republic of Congo,COD,1999,59000
Democratic Republic of Congo,COD,2000,57000
Democratic Republic of Congo,COD,2001,55000
Democratic Republic of Congo,COD,2002,54000
Democratic Republic of Congo,COD,2003,51000
Democratic Republic of Congo,COD,2004,49000
Democratic Republic of Congo,COD,2005,48000
Democratic Republic of Congo,COD,2006,46000
Democratic Republic of Congo,COD,2007,44000
Democratic Republic of Congo,COD,2008,43000
Democratic Republic of Congo,COD,2009,41000
Democratic Republic of Congo,COD,2010,39000
Democratic Republic of Congo,COD,2011,38000
Democratic Republic of Congo,COD,2012,36000
Democratic Republic of Congo,COD,2013,33000
Democratic Republic of Congo,COD,2014,31000
Democratic Republic of Congo,COD,2015,30000
Democratic Republic of Congo,COD,2016,28000
Democratic Republic of Congo,COD,2017,27000
Democratic Republic of Congo,COD,2018,25000
Democratic Republic of Congo,COD,2019,22000
Democratic Republic of Congo,COD,2020,20000
Denmark,DNK,1990,500
Denmark,DNK,1991,500
Denmark,DNK,1992,500
Denmark,DNK,1993,500
Denmark,DNK,1994,500
Denmark,DNK,1995,500
Denmark,DNK,1996,500
Denmark,DNK,1997,500
Denmark,DNK,1998,500
Denmark,DNK,1999,500
Denmark,DNK,2000,500
Denmark,DNK,2001,500
Denmark,DNK,2002,500
Denmark,DNK,2003,500
Denmark,DNK,2004,500
Denmark,DNK,2005,500
Denmark,DNK,2006,500
Denmark,DNK,2007,500
Denmark,DNK,2008,500
Denmark,DNK,2009,500
Denmark,DNK,2010,500
Denmark,DNK,2011,500
Denmark,DNK,2012,500
Denmark,DNK,2013,500
Denmark,DNK,2014,500
Denmark,DNK,2015,200
Denmark,DNK,2016,200
Denmark,DNK,2017,200
Denmark,DNK,2018,200
Denmark,DNK,2019,200
Denmark,DNK,2020,200
Djibouti,DJI,1990,200
Djibouti,DJI,1991,500
Djibouti,DJI,1992,500
Djibouti,DJI,1993,740
Djibouti,DJI,1994,1200
Djibouti,DJI,1995,1700
Djibouti,DJI,1996,2200
Djibouti,DJI,1997,2700
Djibouti,DJI,1998,2700
Djibouti,DJI,1999,2300
Djibouti,DJI,2000,1900
Djibouti,DJI,2001,1400
Djibouti,DJI,2002,1200
Djibouti,DJI,2003,800
Djibouti,DJI,2004,670
Djibouti,DJI,2005,590
Djibouti,DJI,2006,520
Djibouti,DJI,2007,500
Djibouti,DJI,2008,500
Djibouti,DJI,2009,500
Djibouti,DJI,2010,500
Djibouti,DJI,2011,500
Djibouti,DJI,2012,500
Djibouti,DJI,2013,500
Djibouti,DJI,2014,500
Djibouti,DJI,2015,200
Djibouti,DJI,2016,200
Djibouti,DJI,2017,200
Djibouti,DJI,2018,200
Djibouti,DJI,2019,200
Djibouti,DJI,2020,200
Dominican Republic,DOM,1990,6800
Dominican Republic,DOM,1991,8600
Dominican Republic,DOM,1992,10000
Dominican Republic,DOM,1993,12000
Dominican Republic,DOM,1994,12000
Dominican Republic,DOM,1995,12000
Dominican Republic,DOM,1996,11000
Dominican Republic,DOM,1997,11000
Dominican Republic,DOM,1998,11000
Dominican Republic,DOM,1999,9900
Dominican Republic,DOM,2000,8800
Dominican Republic,DOM,2001,7700
Dominican Republic,DOM,2002,6800
Dominican Republic,DOM,2003,6100
Dominican Republic,DOM,2004,5200
Dominican Republic,DOM,2005,4700
Dominican Republic,DOM,2006,4200
Dominican Republic,DOM,2007,3700
Dominican Republic,DOM,2008,3800
Dominican Republic,DOM,2009,3600
Dominican Republic,DOM,2010,3500
Dominican Republic,DOM,2011,3400
Dominican Republic,DOM,2012,3400
Dominican Republic,DOM,2013,3400
Dominican Republic,DOM,2014,3400
Dominican Republic,DOM,2015,3500
Dominican Republic,DOM,2016,3500
Dominican Republic,DOM,2017,3500
Dominican Republic,DOM,2018,3400
Dominican Republic,DOM,2019,3400
Dominican Republic,DOM,2020,3400
Ecuador,ECU,1990,1100
Ecuador,ECU,1991,1300
Ecuador,ECU,1992,1500
Ecuador,ECU,1993,1700
Ecuador,ECU,1994,1900
Ecuador,ECU,1995,2000
Ecuador,ECU,1996,2200
Ecuador,ECU,1997,2300
Ecuador,ECU,1998,2400
Ecuador,ECU,1999,2500
Ecuador,ECU,2000,2600
Ecuador,ECU,2001,2700
Ecuador,ECU,2002,2800
Ecuador,ECU,2003,2900
Ecuador,ECU,2004,3000
Ecuador,ECU,2005,2900
Ecuador,ECU,2006,2400
Ecuador,ECU,2007,2500
Ecuador,ECU,2008,2400
Ecuador,ECU,2009,2400
Ecuador,ECU,2010,2500
Ecuador,ECU,2011,2400
Ecuador,ECU,2012,2400
Ecuador,ECU,2013,2400
Ecuador,ECU,2014,2500
Ecuador,ECU,2015,2500
Ecuador,ECU,2016,2400
Ecuador,ECU,2017,2400
Ecuador,ECU,2018,2300
Ecuador,ECU,2019,2200
Ecuador,ECU,2020,2100
Egypt,EGY,1990,100
Egypt,EGY,1991,100
Egypt,EGY,1992,100
Egypt,EGY,1993,100
Egypt,EGY,1994,100
Egypt,EGY,1995,100
Egypt,EGY,1996,200
Egypt,EGY,1997,200
Egypt,EGY,1998,200
Egypt,EGY,1999,200
Egypt,EGY,2000,500
Egypt,EGY,2001,500
Egypt,EGY,2002,500
Egypt,EGY,2003,500
Egypt,EGY,2004,500
Egypt,EGY,2005,500
Egypt,EGY,2006,540
Egypt,EGY,2007,610
Egypt,EGY,2008,720
Egypt,EGY,2009,840
Egypt,EGY,2010,980
Egypt,EGY,2011,1100
Egypt,EGY,2012,1300
Egypt,EGY,2013,1500
Egypt,EGY,2014,1800
Egypt,EGY,2015,2000
Egypt,EGY,2016,2300
Egypt,EGY,2017,2600
Egypt,EGY,2018,2800
Egypt,EGY,2019,3000
Egypt,EGY,2020,3300
El Salvador,SLV,1990,500
El Salvador,SLV,1991,500
El Salvador,SLV,1992,680
El Salvador,SLV,1993,880
El Salvador,SLV,1994,1100
El Salvador,SLV,1995,1300
El Salvador,SLV,1996,1400
El Salvador,SLV,1997,1600
El Salvador,SLV,1998,1700
El Salvador,SLV,1999,1800
El Salvador,SLV,2000,1800
El Salvador,SLV,2001,1800
El Salvador,SLV,2002,1800
El Salvador,SLV,2003,1800
El Salvador,SLV,2004,1800
El Salvador,SLV,2005,1800
El Salvador,SLV,2006,1800
El Salvador,SLV,2007,1700
El Salvador,SLV,2008,1700
El Salvador,SLV,2009,1600
El Salvador,SLV,2010,1600
El Salvador,SLV,2011,1500
El Salvador,SLV,2012,1400
El Salvador,SLV,2013,1400
El Salvador,SLV,2014,1300
El Salvador,SLV,2015,1200
El Salvador,SLV,2016,1200
El Salvador,SLV,2017,1100
El Salvador,SLV,2018,1000
El Salvador,SLV,2019,920
El Salvador,SLV,2020,850
Eritrea,ERI,1990,2700
Eritrea,ERI,1991,3100
Eritrea,ERI,1992,3100
Eritrea,ERI,1993,3200
Eritrea,ERI,1994,3000
Eritrea,ERI,1995,2700
Eritrea,ERI,1996,2400
Eritrea,ERI,1997,2100
Eritrea,ERI,1998,1800
Eritrea,ERI,1999,1500
Eritrea,ERI,2000,1300
Eritrea,ERI,2001,1300
Eritrea,ERI,2002,1200
Eritrea,ERI,2003,1200
Eritrea,ERI,2004,1200
Eritrea,ERI,2005,1100
Eritrea,ERI,2006,1000
Eritrea,ERI,2007,920
Eritrea,ERI,2008,830
Eritrea,ERI,2009,750
Eritrea,ERI,2010,680
Eritrea,ERI,2011,590
Eritrea,ERI,2012,500
Eritrea,ERI,2013,500
Eritrea,ERI,2014,500
Eritrea,ERI,2015,500
Eritrea,ERI,2016,500
Eritrea,ERI,2017,500
Eritrea,ERI,2018,500
Eritrea,ERI,2019,500
Eritrea,ERI,2020,500
Estonia,EST,1990,100
Estonia,EST,1991,100
Estonia,EST,1992,100
Estonia,EST,1993,100
Estonia,EST,1994,100
Estonia,EST,1995,100
Estonia,EST,1996,100
Estonia,EST,1997,100
Estonia,EST,1998,100
Estonia,EST,1999,100
Estonia,EST,2000,500
Estonia,EST,2001,1200
Estonia,EST,2002,980
Estonia,EST,2003,800
Estonia,EST,2004,670
Estonia,EST,2005,570
Estonia,EST,2006,500
Estonia,EST,2007,500
Estonia,EST,2008,500
Estonia,EST,2009,500
Estonia,EST,2010,500
Estonia,EST,2011,500
Estonia,EST,2012,500
Estonia,EST,2013,500
Estonia,EST,2014,500
Estonia,EST,2015,500
Estonia,EST,2016,500
Estonia,EST,2017,500
Estonia,EST,2018,500
Estonia,EST,2019,500
Estonia,EST,2020,500
Eswatini,SWZ,1990,2400
Eswatini,SWZ,1991,4600
Eswatini,SWZ,1992,7900
Eswatini,SWZ,1993,12000
Eswatini,SWZ,1994,16000
Eswatini,SWZ,1995,18000
Eswatini,SWZ,1996,19000
Eswatini,SWZ,1997,19000
Eswatini,SWZ,1998,18000
Eswatini,SWZ,1999,18000
Eswatini,SWZ,2000,17000
Eswatini,SWZ,2001,17000
Eswatini,SWZ,2002,16000
Eswatini,SWZ,2003,16000
Eswatini,SWZ,2004,16000
Eswatini,SWZ,2005,16000
Eswatini,SWZ,2006,15000
Eswatini,SWZ,2007,15000
Eswatini,SWZ,2008,15000
Eswatini,SWZ,2009,14000
Eswatini,SWZ,2010,14000
Eswatini,SWZ,2011,13000
Eswatini,SWZ,2012,13000
Eswatini,SWZ,2013,12000
Eswatini,SWZ,2014,12000
Eswatini,SWZ,2015,10000
Eswatini,SWZ,2016,9000
Eswatini,SWZ,2017,7700
Eswatini,SWZ,2018,6100
Eswatini,SWZ,2019,5400
Eswatini,SWZ,2020,4800
Ethiopia,ETH,1990,100000
Ethiopia,ETH,1991,120000
Ethiopia,ETH,1992,120000
Ethiopia,ETH,1993,120000
Ethiopia,ETH,1994,120000
Ethiopia,ETH,1995,100000
Ethiopia,ETH,1996,92000
Ethiopia,ETH,1997,84000
Ethiopia,ETH,1998,74000
Ethiopia,ETH,1999,69000
Ethiopia,ETH,2000,64000
Ethiopia,ETH,2001,57000
Ethiopia,ETH,2002,52000
Ethiopia,ETH,2003,47000
Ethiopia,ETH,2004,44000
Ethiopia,ETH,2005,41000
Ethiopia,ETH,2006,38000
Ethiopia,ETH,2007,35000
Ethiopia,ETH,2008,31000
Ethiopia,ETH,2009,29000
Ethiopia,ETH,2010,27000
Ethiopia,ETH,2011,24000
Ethiopia,ETH,2012,22000
Ethiopia,ETH,2013,19000
Ethiopia,ETH,2014,18000
Ethiopia,ETH,2015,17000
Ethiopia,ETH,2016,16000
Ethiopia,ETH,2017,15000
Ethiopia,ETH,2018,14000
Ethiopia,ETH,2019,13000
Ethiopia,ETH,2020,12000
Fiji,FJI,1990,100
Fiji,FJI,1991,100
Fiji,FJI,1992,100
Fiji,FJI,1993,100
Fiji,FJI,1994,100
Fiji,FJI,1995,100
Fiji,FJI,1996,100
Fiji,FJI,1997,100
Fiji,FJI,1998,100
Fiji,FJI,1999,100
Fiji,FJI,2000,100
Fiji,FJI,2001,100
Fiji,FJI,2002,100
Fiji,FJI,2003,100
Fiji,FJI,2004,100
Fiji,FJI,2005,100
Fiji,FJI,2006,100
Fiji,FJI,2007,100
Fiji,FJI,2008,100
Fiji,FJI,2009,100
Fiji,FJI,2010,100
Fiji,FJI,2011,100
Fiji,FJI,2012,100
Fiji,FJI,2013,100
Fiji,FJI,2014,100
Fiji,FJI,2015,200
Fiji,FJI,2016,200
Fiji,FJI,2017,200
Fiji,FJI,2018,200
Fiji,FJI,2019,200
Fiji,FJI,2020,200
Gabon,GAB,1990,1700
Gabon,GAB,1991,2300
Gabon,GAB,1992,2900
Gabon,GAB,1993,3600
Gabon,GAB,1994,4300
Gabon,GAB,1995,5000
Gabon,GAB,1996,5400
Gabon,GAB,1997,5300
Gabon,GAB,1998,5200
Gabon,GAB,1999,4800
Gabon,GAB,2000,4400
Gabon,GAB,2001,4000
Gabon,GAB,2002,3800
Gabon,GAB,2003,3400
Gabon,GAB,2004,3200
Gabon,GAB,2005,3200
Gabon,GAB,2006,2900
Gabon,GAB,2007,2800
Gabon,GAB,2008,2700
Gabon,GAB,2009,2800
Gabon,GAB,2010,2500
Gabon,GAB,2011,2400
Gabon,GAB,2012,2200
Gabon,GAB,2013,2000
Gabon,GAB,2014,1900
Gabon,GAB,2015,1800
Gabon,GAB,2016,1500
Gabon,GAB,2017,1400
Gabon,GAB,2018,1200
Gabon,GAB,2019,1100
Gabon,GAB,2020,1000
Gambia,GMB,1990,500
Gambia,GMB,1991,500
Gambia,GMB,1992,530
Gambia,GMB,1993,750
Gambia,GMB,1994,980
Gambia,GMB,1995,1300
Gambia,GMB,1996,1500
Gambia,GMB,1997,1800
Gambia,GMB,1998,2000
Gambia,GMB,1999,2200
Gambia,GMB,2000,2200
Gambia,GMB,2001,2300
Gambia,GMB,2002,2300
Gambia,GMB,2003,2200
Gambia,GMB,2004,2200
Gambia,GMB,2005,2200
Gambia,GMB,2006,2200
Gambia,GMB,2007,2200
Gambia,GMB,2008,2300
Gambia,GMB,2009,2200
Gambia,GMB,2010,2100
Gambia,GMB,2011,2100
Gambia,GMB,2012,2000
Gambia,GMB,2013,2000
Gambia,GMB,2014,2100
Gambia,GMB,2015,2000
Gambia,GMB,2016,2100
Gambia,GMB,2017,2100
Gambia,GMB,2018,2100
Gambia,GMB,2019,2100
Gambia,GMB,2020,2100
Georgia,GEO,1990,100
Georgia,GEO,1991,100
Georgia,GEO,1992,100
Georgia,GEO,1993,100
Georgia,GEO,1994,100
Georgia,GEO,1995,100
Georgia,GEO,1996,100
Georgia,GEO,1997,100
Georgia,GEO,1998,100
Georgia,GEO,1999,100
Georgia,GEO,2000,100
Georgia,GEO,2001,100
Georgia,GEO,2002,200
Georgia,GEO,2003,200
Georgia,GEO,2004,500
Georgia,GEO,2005,500
Georgia,GEO,2006,500
Georgia,GEO,2007,500
Georgia,GEO,2008,500
Georgia,GEO,2009,500
Georgia,GEO,2010,520
Georgia,GEO,2011,570
Georgia,GEO,2012,600
Georgia,GEO,2013,600
Georgia,GEO,2014,620
Georgia,GEO,2015,630
Georgia,GEO,2016,640
Georgia,GEO,2017,640
Georgia,GEO,2018,650
Georgia,GEO,2019,660
Georgia,GEO,2020,680
Germany,DEU,1990,3600
Germany,DEU,1991,3100
Germany,DEU,1992,2600
Germany,DEU,1993,2200
Germany,DEU,1994,2100
Germany,DEU,1995,2200
Germany,DEU,1996,2200
Germany,DEU,1997,2200
Germany,DEU,1998,2200
Germany,DEU,1999,2200
Germany,DEU,2000,2200
Germany,DEU,2001,2400
Germany,DEU,2002,2800
Germany,DEU,2003,3100
Germany,DEU,2004,3200
Germany,DEU,2005,3300
Germany,DEU,2006,3300
Germany,DEU,2007,3300
Germany,DEU,2008,3100
Germany,DEU,2009,3000
Germany,DEU,2010,2900
Germany,DEU,2011,2500
Germany,DEU,2012,2800
Germany,DEU,2013,2800
Germany,DEU,2014,2800
Germany,DEU,2015,2800
Germany,DEU,2016,2900
Germany,DEU,2017,2600
Germany,DEU,2018,2700
Germany,DEU,2019,2700
Germany,DEU,2020,2600
Ghana,GHA,1990,27000
Ghana,GHA,1991,30000
Ghana,GHA,1992,33000
Ghana,GHA,1993,35000
Ghana,GHA,1994,34000
Ghana,GHA,1995,35000
Ghana,GHA,1996,34000
Ghana,GHA,1997,33000
Ghana,GHA,1998,31000
Ghana,GHA,1999,31000
Ghana,GHA,2000,29000
Ghana,GHA,2001,29000
Ghana,GHA,2002,28000
Ghana,GHA,2003,27000
Ghana,GHA,2004,27000
Ghana,GHA,2005,26000
Ghana,GHA,2006,26000
Ghana,GHA,2007,25000
Ghana,GHA,2008,25000
Ghana,GHA,2009,24000
Ghana,GHA,2010,24000
Ghana,GHA,2011,23000
Ghana,GHA,2012,22000
Ghana,GHA,2013,23000
Ghana,GHA,2014,22000
Ghana,GHA,2015,23000
Ghana,GHA,2016,22000
Ghana,GHA,2017,22000
Ghana,GHA,2018,22000
Ghana,GHA,2019,21000
Ghana,GHA,2020,19000
Greece,GRC,1990,500
Greece,GRC,1991,500
Greece,GRC,1992,500
Greece,GRC,1993,500
Greece,GRC,1994,500
Greece,GRC,1995,200
Greece,GRC,1996,200
Greece,GRC,1997,200
Greece,GRC,1998,500
Greece,GRC,1999,500
Greece,GRC,2000,500
Greece,GRC,2001,500
Greece,GRC,2002,500
Greece,GRC,2003,500
Greece,GRC,2004,500
Greece,GRC,2005,520
Greece,GRC,2006,630
Greece,GRC,2007,790
Greece,GRC,2008,960
Greece,GRC,2009,1100
Greece,GRC,2010,1200
Greece,GRC,2011,1100
Greece,GRC,2012,1000
Greece,GRC,2013,860
Greece,GRC,2014,670
Greece,GRC,2015,520
Greece,GRC,2016,500
Greece,GRC,2017,500
Greece,GRC,2018,550
Greece,GRC,2019,730
Greece,GRC,2020,980
Guatemala,GTM,1990,1200
Guatemala,GTM,1991,1600
Guatemala,GTM,1992,2000
Guatemala,GTM,1993,2300
Guatemala,GTM,1994,2700
Guatemala,GTM,1995,2900
Guatemala,GTM,1996,3000
Guatemala,GTM,1997,3100
Guatemala,GTM,1998,3200
Guatemala,GTM,1999,3300
Guatemala,GTM,2000,3600
Guatemala,GTM,2001,3500
Guatemala,GTM,2002,3400
Guatemala,GTM,2003,3300
Guatemala,GTM,2004,3000
Guatemala,GTM,2005,2800
Guatemala,GTM,2006,2600
Guatemala,GTM,2007,2400
Guatemala,GTM,2008,2200
Guatemala,GTM,2009,1900
Guatemala,GTM,2010,1600
Guatemala,GTM,2011,1400
Guatemala,GTM,2012,1300
Guatemala,GTM,2013,1100
Guatemala,GTM,2014,1000
Guatemala,GTM,2015,980
Guatemala,GTM,2016,940
Guatemala,GTM,2017,890
Guatemala,GTM,2018,830
Guatemala,GTM,2019,790
Guatemala,GTM,2020,770
Guinea,GIN,1990,4700
Guinea,GIN,1991,5700
Guinea,GIN,1992,6700
Guinea,GIN,1993,7400
Guinea,GIN,1994,8200
Guinea,GIN,1995,8700
Guinea,GIN,1996,9200
Guinea,GIN,1997,9700
Guinea,GIN,1998,9700
Guinea,GIN,1999,9700
Guinea,GIN,2000,9800
Guinea,GIN,2001,9500
Guinea,GIN,2002,9300
Guinea,GIN,2003,9000
Guinea,GIN,2004,8900
Guinea,GIN,2005,8800
Guinea,GIN,2006,8800
Guinea,GIN,2007,8500
Guinea,GIN,2008,8500
Guinea,GIN,2009,8200
Guinea,GIN,2010,8000
Guinea,GIN,2011,7500
Guinea,GIN,2012,7200
Guinea,GIN,2013,6500
Guinea,GIN,2014,6900
Guinea,GIN,2015,7100
Guinea,GIN,2016,6900
Guinea,GIN,2017,6900
Guinea,GIN,2018,6400
Guinea,GIN,2019,6000
Guinea,GIN,2020,5300
Guinea-Bissau,GNB,1990,500
Guinea-Bissau,GNB,1991,620
Guinea-Bissau,GNB,1992,940
Guinea-Bissau,GNB,1993,1300
Guinea-Bissau,GNB,1994,1800
Guinea-Bissau,GNB,1995,2400
Guinea-Bissau,GNB,1996,3000
Guinea-Bissau,GNB,1997,3700
Guinea-Bissau,GNB,1998,4100
Guinea-Bissau,GNB,1999,4300
Guinea-Bissau,GNB,2000,4300
Guinea-Bissau,GNB,2001,4300
Guinea-Bissau,GNB,2002,4100
Guinea-Bissau,GNB,2003,3900
Guinea-Bissau,GNB,2004,3700
Guinea-Bissau,GNB,2005,3600
Guinea-Bissau,GNB,2006,3500
Guinea-Bissau,GNB,2007,3500
Guinea-Bissau,GNB,2008,3500
Guinea-Bissau,GNB,2009,3300
Guinea-Bissau,GNB,2010,3200
Guinea-Bissau,GNB,2011,3000
Guinea-Bissau,GNB,2012,2800
Guinea-Bissau,GNB,2013,2600
Guinea-Bissau,GNB,2014,2200
Guinea-Bissau,GNB,2015,2200
Guinea-Bissau,GNB,2016,2200
Guinea-Bissau,GNB,2017,2000
Guinea-Bissau,GNB,2018,2000
Guinea-Bissau,GNB,2019,1800
Guinea-Bissau,GNB,2020,1700
Guyana,GUY,1990,100
Guyana,GUY,1991,100
Guyana,GUY,1992,100
Guyana,GUY,1993,200
Guyana,GUY,1994,200
Guyana,GUY,1995,500
Guyana,GUY,1996,500
Guyana,GUY,1997,500
Guyana,GUY,1998,500
Guyana,GUY,1999,550
Guyana,GUY,2000,660
Guyana,GUY,2001,760
Guyana,GUY,2002,810
Guyana,GUY,2003,830
Guyana,GUY,2004,800
Guyana,GUY,2005,720
Guyana,GUY,2006,650
Guyana,GUY,2007,590
Guyana,GUY,2008,540
Guyana,GUY,2009,510
Guyana,GUY,2010,500
Guyana,GUY,2011,500
Guyana,GUY,2012,500
Guyana,GUY,2013,500
Guyana,GUY,2014,500
Guyana,GUY,2015,500
Guyana,GUY,2016,500
Guyana,GUY,2017,500
Guyana,GUY,2018,500
Guyana,GUY,2019,500
Guyana,GUY,2020,500
Haiti,HTI,1990,19000
Haiti,HTI,1991,20000
Haiti,HTI,1992,19000
Haiti,HTI,1993,17000
Haiti,HTI,1994,17000
Haiti,HTI,1995,15000
Haiti,HTI,1996,15000
Haiti,HTI,1997,14000
Haiti,HTI,1998,14000
Haiti,HTI,1999,13000
Haiti,HTI,2000,13000
Haiti,HTI,2001,13000
Haiti,HTI,2002,12000
Haiti,HTI,2003,12000
Haiti,HTI,2004,11000
Haiti,HTI,2005,11000
Haiti,HTI,2006,10000
Haiti,HTI,2007,9600
Haiti,HTI,2008,9300
Haiti,HTI,2009,9000
Haiti,HTI,2010,8900
Haiti,HTI,2011,8400
Haiti,HTI,2012,8000
Haiti,HTI,2013,7800
Haiti,HTI,2014,7500
Haiti,HTI,2015,7200
Haiti,HTI,2016,7000
Haiti,HTI,2017,6400
Haiti,HTI,2018,5700
Haiti,HTI,2019,5700
Haiti,HTI,2020,5000
Honduras,HND,1990,3800
Honduras,HND,1991,4100
Honduras,HND,1992,4400
Honduras,HND,1993,4500
Honduras,HND,1994,4500
Honduras,HND,1995,4400
Honduras,HND,1996,4100
Honduras,HND,1997,3800
Honduras,HND,1998,3400
Honduras,HND,1999,2900
Honduras,HND,2000,2500
Honduras,HND,2001,2000
Honduras,HND,2002,1700
Honduras,HND,2003,1400
Honduras,HND,2004,1100
Honduras,HND,2005,930
Honduras,HND,2006,840
Honduras,HND,2007,760
Honduras,HND,2008,750
Honduras,HND,2009,730
Honduras,HND,2010,760
Honduras,HND,2011,730
Honduras,HND,2012,710
Honduras,HND,2013,700
Honduras,HND,2014,710
Honduras,HND,2015,710
Honduras,HND,2016,710
Honduras,HND,2017,710
Honduras,HND,2018,710
Honduras,HND,2019,710
Honduras,HND,2020,710
Iceland,ISL,1990,100
Iceland,ISL,1991,100
Iceland,ISL,1992,100
Iceland,ISL,1993,100
Iceland,ISL,1994,100
Iceland,ISL,1995,100
Iceland,ISL,1996,100
Iceland,ISL,1997,100
Iceland,ISL,1998,100
Iceland,ISL,1999,100
Iceland,ISL,2000,100
Iceland,ISL,2001,100
Iceland,ISL,2002,100
Iceland,ISL,2003,100
Iceland,ISL,2004,100
Iceland,ISL,2005,100
Iceland,ISL,2006,100
Iceland,ISL,2007,100
Iceland,ISL,2008,100
Iceland,ISL,2009,100
Iceland,ISL,2010,100
Iceland,ISL,2011,100
Iceland,ISL,2012,100
Iceland,ISL,2013,100
Iceland,ISL,2014,100
Iceland,ISL,2015,100
Iceland,ISL,2016,100
Iceland,ISL,2017,100
Iceland,ISL,2018,100
Iceland,ISL,2019,100
Iceland,ISL,2020,100
Indonesia,IDN,1990,100
Indonesia,IDN,1991,200
Indonesia,IDN,1992,500
Indonesia,IDN,1993,650
Indonesia,IDN,1994,1100
Indonesia,IDN,1995,1900
Indonesia,IDN,1996,3200
Indonesia,IDN,1997,4700
Indonesia,IDN,1998,6600
Indonesia,IDN,1999,8700
Indonesia,IDN,2000,13000
Indonesia,IDN,2001,21000
Indonesia,IDN,2002,35000
Indonesia,IDN,2003,40000
Indonesia,IDN,2004,41000
Indonesia,IDN,2005,45000
Indonesia,IDN,2006,48000
Indonesia,IDN,2007,49000
Indonesia,IDN,2008,48000
Indonesia,IDN,2009,48000
Indonesia,IDN,2010,48000
Indonesia,IDN,2011,48000
Indonesia,IDN,2012,46000
Indonesia,IDN,2013,44000
Indonesia,IDN,2014,41000
Indonesia,IDN,2015,38000
Indonesia,IDN,2016,35000
Indonesia,IDN,2017,33000
Indonesia,IDN,2018,32000
Indonesia,IDN,2019,29000
Indonesia,IDN,2020,28000
Iran,IRN,1990,200
Iran,IRN,1991,500
Iran,IRN,1992,500
Iran,IRN,1993,500
Iran,IRN,1994,580
Iran,IRN,1995,990
Iran,IRN,1996,1500
Iran,IRN,1997,2000
Iran,IRN,1998,2700
Iran,IRN,1999,3600
Iran,IRN,2000,4900
Iran,IRN,2001,6500
Iran,IRN,2002,8400
Iran,IRN,2003,9900
Iran,IRN,2004,11000
Iran,IRN,2005,11000
Iran,IRN,2006,10000
Iran,IRN,2007,8800
Iran,IRN,2008,7300
Iran,IRN,2009,5900
Iran,IRN,2010,4900
Iran,IRN,2011,4100
Iran,IRN,2012,3500
Iran,IRN,2013,3200
Iran,IRN,2014,2900
Iran,IRN,2015,2700
Iran,IRN,2016,2600
Iran,IRN,2017,2400
Iran,IRN,2018,2400
Iran,IRN,2019,2400
Iran,IRN,2020,2400
Ireland,IRL,1990,200
Ireland,IRL,1991,200
Ireland,IRL,1992,200
Ireland,IRL,1993,200
Ireland,IRL,1994,200
Ireland,IRL,1995,200
Ireland,IRL,1996,200
Ireland,IRL,1997,200
Ireland,IRL,1998,200
Ireland,IRL,1999,200
Ireland,IRL,2000,200
Ireland,IRL,2001,200
Ireland,IRL,2002,500
Ireland,IRL,2003,500
Ireland,IRL,2004,500
Ireland,IRL,2005,500
Ireland,IRL,2006,500
Ireland,IRL,2007,500
Ireland,IRL,2008,500
Ireland,IRL,2009,500
Ireland,IRL,2010,500
Ireland,IRL,2011,500
Ireland,IRL,2012,500
Ireland,IRL,2013,500
Ireland,IRL,2014,500
Ireland,IRL,2015,500
Ireland,IRL,2016,500
Ireland,IRL,2017,500
Ireland,IRL,2018,500
Ireland,IRL,2019,500
Ireland,IRL,2020,500
Italy,ITA,1990,5100
Italy,ITA,1991,5000
Italy,ITA,1992,5100
Italy,ITA,1993,5100
Italy,ITA,1994,5200
Italy,ITA,1995,5300
Italy,ITA,1996,5300
Italy,ITA,1997,5300
Italy,ITA,1998,5200
Italy,ITA,1999,5100
Italy,ITA,2000,5000
Italy,ITA,2001,5000
Italy,ITA,2002,5000
Italy,ITA,2003,5000
Italy,ITA,2004,5000
Italy,ITA,2005,5000
Italy,ITA,2006,5000
Italy,ITA,2007,5000
Italy,ITA,2008,4900
Italy,ITA,2009,4800
Italy,ITA,2010,4800
Italy,ITA,2011,4600
Italy,ITA,2012,4500
Italy,ITA,2013,4400
Italy,ITA,2014,4200
Italy,ITA,2015,4100
Italy,ITA,2016,4000
Italy,ITA,2017,3800
Italy,ITA,2018,3300
Italy,ITA,2019,2800
Italy,ITA,2020,2500
Jamaica,JAM,1990,2300
Jamaica,JAM,1991,2400
Jamaica,JAM,1992,2500
Jamaica,JAM,1993,2700
Jamaica,JAM,1994,2700
Jamaica,JAM,1995,2700
Jamaica,JAM,1996,2600
Jamaica,JAM,1997,2600
Jamaica,JAM,1998,2600
Jamaica,JAM,1999,2600
Jamaica,JAM,2000,2600
Jamaica,JAM,2001,2600
Jamaica,JAM,2002,2700
Jamaica,JAM,2003,2500
Jamaica,JAM,2004,2200
Jamaica,JAM,2005,2100
Jamaica,JAM,2006,1900
Jamaica,JAM,2007,2000
Jamaica,JAM,2008,1900
Jamaica,JAM,2009,2000
Jamaica,JAM,2010,1900
Jamaica,JAM,2011,1900
Jamaica,JAM,2012,1900
Jamaica,JAM,2013,1800
Jamaica,JAM,2014,1800
Jamaica,JAM,2015,1800
Jamaica,JAM,2016,1700
Jamaica,JAM,2017,1700
Jamaica,JAM,2018,1700
Jamaica,JAM,2019,1600
Jamaica,JAM,2020,1500
Japan,JPN,1990,500
Japan,JPN,1991,540
Japan,JPN,1992,700
Japan,JPN,1993,860
Japan,JPN,1994,1000
Japan,JPN,1995,1100
Japan,JPN,1996,1300
Japan,JPN,1997,1300
Japan,JPN,1998,1400
Japan,JPN,1999,1400
Japan,JPN,2000,1400
Japan,JPN,2001,1400
Japan,JPN,2002,1400
Japan,JPN,2003,1400
Japan,JPN,2004,1300
Japan,JPN,2005,1300
Japan,JPN,2006,1300
Japan,JPN,2007,1300
Japan,JPN,2008,1300
Japan,JPN,2009,1300
Japan,JPN,2010,1300
Japan,JPN,2011,1300
Japan,JPN,2012,1300
Japan,JPN,2013,1200
Japan,JPN,2014,1200
Japan,JPN,2015,1200
Japan,JPN,2016,1000
Japan,JPN,2017,840
Japan,JPN,2018,770
Japan,JPN,2019,710
Japan,JPN,2020,600
Jordan,JOR,1990,100
Jordan,JOR,1991,100
Jordan,JOR,1992,100
Jordan,JOR,1993,100
Jordan,JOR,1994,100
Jordan,JOR,1995,100
Jordan,JOR,1996,100
Jordan,JOR,1997,100
Jordan,JOR,1998,100
Jordan,JOR,1999,100
Jordan,JOR,2000,100
Jordan,JOR,2001,100
Jordan,JOR,2002,100
Jordan,JOR,2003,100
Jordan,JOR,2004,100
Jordan,JOR,2005,100
Jordan,JOR,2006,100
Jordan,JOR,2007,100
Jordan,JOR,2008,100
Jordan,JOR,2009,100
Jordan,JOR,2010,100
Jordan,JOR,2011,100
Jordan,JOR,2012,100
Jordan,JOR,2013,100
Jordan,JOR,2014,100
Jordan,JOR,2015,100
Jordan,JOR,2016,100
Jordan,JOR,2017,100
Jordan,JOR,2018,100
Jordan,JOR,2019,100
Jordan,JOR,2020,100
Kazakhstan,KAZ,1990,100
Kazakhstan,KAZ,1991,200
Kazakhstan,KAZ,1992,200
Kazakhstan,KAZ,1993,500
Kazakhstan,KAZ,1994,500
Kazakhstan,KAZ,1995,500
Kazakhstan,KAZ,1996,530
Kazakhstan,KAZ,1997,670
Kazakhstan,KAZ,1998,820
Kazakhstan,KAZ,1999,920
Kazakhstan,KAZ,2000,1000
Kazakhstan,KAZ,2001,1100
Kazakhstan,KAZ,2002,1100
Kazakhstan,KAZ,2003,1200
Kazakhstan,KAZ,2004,1300
Kazakhstan,KAZ,2005,1300
Kazakhstan,KAZ,2006,1500
Kazakhstan,KAZ,2007,1600
Kazakhstan,KAZ,2008,1800
Kazakhstan,KAZ,2009,2000
Kazakhstan,KAZ,2010,2100
Kazakhstan,KAZ,2011,1700
Kazakhstan,KAZ,2012,1600
Kazakhstan,KAZ,2013,1800
Kazakhstan,KAZ,2014,2100
Kazakhstan,KAZ,2015,2400
Kazakhstan,KAZ,2016,2800
Kazakhstan,KAZ,2017,3100
Kazakhstan,KAZ,2018,2900
Kazakhstan,KAZ,2019,3300
Kazakhstan,KAZ,2020,3700
Kenya,KEN,1990,170000
Kenya,KEN,1991,210000
Kenya,KEN,1992,230000
Kenya,KEN,1993,230000
Kenya,KEN,1994,220000
Kenya,KEN,1995,200000
Kenya,KEN,1996,180000
Kenya,KEN,1997,160000
Kenya,KEN,1998,140000
Kenya,KEN,1999,130000
Kenya,KEN,2000,120000
Kenya,KEN,2001,110000
Kenya,KEN,2002,110000
Kenya,KEN,2003,100000
Kenya,KEN,2004,98000
Kenya,KEN,2005,94000
Kenya,KEN,2006,90000
Kenya,KEN,2007,85000
Kenya,KEN,2008,77000
Kenya,KEN,2009,75000
Kenya,KEN,2010,71000
Kenya,KEN,2011,63000
Kenya,KEN,2012,61000
Kenya,KEN,2013,59000
Kenya,KEN,2014,54000
Kenya,KEN,2015,48000
Kenya,KEN,2016,43000
Kenya,KEN,2017,40000
Kenya,KEN,2018,35000
Kenya,KEN,2019,35000
Kenya,KEN,2020,33000
Kyrgyzstan,KGZ,1990,100
Kyrgyzstan,KGZ,1991,100
Kyrgyzstan,KGZ,1992,100
Kyrgyzstan,KGZ,1993,100
Kyrgyzstan,KGZ,1994,100
Kyrgyzstan,KGZ,1995,100
Kyrgyzstan,KGZ,1996,100
Kyrgyzstan,KGZ,1997,100
Kyrgyzstan,KGZ,1998,100
Kyrgyzstan,KGZ,1999,100
Kyrgyzstan,KGZ,2000,100
Kyrgyzstan,KGZ,2001,500
Kyrgyzstan,KGZ,2002,200
Kyrgyzstan,KGZ,2003,200
Kyrgyzstan,KGZ,2004,500
Kyrgyzstan,KGZ,2005,500
Kyrgyzstan,KGZ,2006,530
Kyrgyzstan,KGZ,2007,610
Kyrgyzstan,KGZ,2008,670
Kyrgyzstan,KGZ,2009,660
Kyrgyzstan,KGZ,2010,640
Kyrgyzstan,KGZ,2011,690
Kyrgyzstan,KGZ,2012,740
Kyrgyzstan,KGZ,2013,660
Kyrgyzstan,KGZ,2014,670
Kyrgyzstan,KGZ,2015,680
Kyrgyzstan,KGZ,2016,690
Kyrgyzstan,KGZ,2017,700
Kyrgyzstan,KGZ,2018,690
Kyrgyzstan,KGZ,2019,700
Kyrgyzstan,KGZ,2020,710
Laos,LAO,1990,100
Laos,LAO,1991,100
Laos,LAO,1992,100
Laos,LAO,1993,100
Laos,LAO,1994,100
Laos,LAO,1995,200
Laos,LAO,1996,200
Laos,LAO,1997,500
Laos,LAO,1998,500
Laos,LAO,1999,510
Laos,LAO,2000,540
Laos,LAO,2001,720
Laos,LAO,2002,790
Laos,LAO,2003,840
Laos,LAO,2004,820
Laos,LAO,2005,880
Laos,LAO,2006,900
Laos,LAO,2007,980
Laos,LAO,2008,1000
Laos,LAO,2009,1000
Laos,LAO,2010,1000
Laos,LAO,2011,1000
Laos,LAO,2012,1000
Laos,LAO,2013,1000
Laos,LAO,2014,1000
Laos,LAO,2015,990
Laos,LAO,2016,970
Laos,LAO,2017,960
Laos,LAO,2018,940
Laos,LAO,2019,920
Laos,LAO,2020,890
Lebanon,LBN,1990,100
Lebanon,LBN,1991,100
Lebanon,LBN,1992,100
Lebanon,LBN,1993,100
Lebanon,LBN,1994,100
Lebanon,LBN,1995,100
Lebanon,LBN,1996,100
Lebanon,LBN,1997,100
Lebanon,LBN,1998,100
Lebanon,LBN,1999,100
Lebanon,LBN,2000,100
Lebanon,LBN,2001,100
Lebanon,LBN,2002,100
Lebanon,LBN,2003,100
Lebanon,LBN,2004,100
Lebanon,LBN,2005,100
Lebanon,LBN,2006,200
Lebanon,LBN,2007,200
Lebanon,LBN,2008,200
Lebanon,LBN,2009,200
Lebanon,LBN,2010,200
Lebanon,LBN,2011,200
Lebanon,LBN,2012,200
Lebanon,LBN,2013,200
Lebanon,LBN,2014,200
Lebanon,LBN,2015,200
Lebanon,LBN,2016,200
Lebanon,LBN,2017,200
Lebanon,LBN,2018,200
Lebanon,LBN,2019,200
Lebanon,LBN,2020,200
Lesotho,LSO,1990,6400
Lesotho,LSO,1991,10000
Lesotho,LSO,1992,16000
Lesotho,LSO,1993,22000
Lesotho,LSO,1994,29000
Lesotho,LSO,1995,33000
Lesotho,LSO,1996,34000
Lesotho,LSO,1997,33000
Lesotho,LSO,1998,31000
Lesotho,LSO,1999,29000
Lesotho,LSO,2000,27000
Lesotho,LSO,2001,25000
Lesotho,LSO,2002,24000
Lesotho,LSO,2003,24000
Lesotho,LSO,2004,24000
Lesotho,LSO,2005,24000
Lesotho,LSO,2006,23000
Lesotho,LSO,2007,22000
Lesotho,LSO,2008,21000
Lesotho,LSO,2009,20000
Lesotho,LSO,2010,19000
Lesotho,LSO,2011,17000
Lesotho,LSO,2012,17000
Lesotho,LSO,2013,16000
Lesotho,LSO,2014,15000
Lesotho,LSO,2015,14000
Lesotho,LSO,2016,12000
Lesotho,LSO,2017,11000
Lesotho,LSO,2018,9100
Lesotho,LSO,2019,8600
Lesotho,LSO,2020,7700
Liberia,LBR,1990,5000
Liberia,LBR,1991,5800
Liberia,LBR,1992,4800
Liberia,LBR,1993,4500
Liberia,LBR,1994,4200
Liberia,LBR,1995,4000
Liberia,LBR,1996,3800
Liberia,LBR,1997,3700
Liberia,LBR,1998,4300
Liberia,LBR,1999,4200
Liberia,LBR,2000,4200
Liberia,LBR,2001,4000
Liberia,LBR,2002,3600
Liberia,LBR,2003,3300
Liberia,LBR,2004,3200
Liberia,LBR,2005,3000
Liberia,LBR,2006,3000
Liberia,LBR,2007,2900
Liberia,LBR,2008,2700
Liberia,LBR,2009,2700
Liberia,LBR,2010,2500
Liberia,LBR,2011,2300
Liberia,LBR,2012,2200
Liberia,LBR,2013,2200
Liberia,LBR,2014,2100
Liberia,LBR,2015,1900
Liberia,LBR,2016,1800
Liberia,LBR,2017,1700
Liberia,LBR,2018,1500
Liberia,LBR,2019,1400
Liberia,LBR,2020,1400
Libya,LBY,1990,100
Libya,LBY,1991,100
Libya,LBY,1992,100
Libya,LBY,1993,100
Libya,LBY,1994,100
Libya,LBY,1995,100
Libya,LBY,1996,100
Libya,LBY,1997,200
Libya,LBY,1998,200
Libya,LBY,1999,500
Libya,LBY,2000,500
Libya,LBY,2001,500
Libya,LBY,2002,500
Libya,LBY,2003,510
Libya,LBY,2004,590
Libya,LBY,2005,660
Libya,LBY,2006,690
Libya,LBY,2007,660
Libya,LBY,2008,570
Libya,LBY,2009,500
Libya,LBY,2010,500
Libya,LBY,2011,500
Libya,LBY,2012,500
Libya,LBY,2013,500
Libya,LBY,2014,500
Libya,LBY,2015,500
Libya,LBY,2016,500
Libya,LBY,2017,500
Libya,LBY,2018,500
Libya,LBY,2019,500
Libya,LBY,2020,500
Madagascar,MDG,1990,100
Madagascar,MDG,1991,100
Madagascar,MDG,1992,100
Madagascar,MDG,1993,100
Madagascar,MDG,1994,100
Madagascar,MDG,1995,100
Madagascar,MDG,1996,200
Madagascar,MDG,1997,500
Madagascar,MDG,1998,500
Madagascar,MDG,1999,500
Madagascar,MDG,2000,500
Madagascar,MDG,2001,540
Madagascar,MDG,2002,640
Madagascar,MDG,2003,770
Madagascar,MDG,2004,910
Madagascar,MDG,2005,1100
Madagascar,MDG,2006,1200
Madagascar,MDG,2007,1500
Madagascar,MDG,2008,1700
Madagascar,MDG,2009,2000
Madagascar,MDG,2010,2300
Madagascar,MDG,2011,2600
Madagascar,MDG,2012,3000
Madagascar,MDG,2013,3500
Madagascar,MDG,2014,3900
Madagascar,MDG,2015,4400
Madagascar,MDG,2016,4700
Madagascar,MDG,2017,5100
Madagascar,MDG,2018,4900
Madagascar,MDG,2019,5800
Madagascar,MDG,2020,6000
Malawi,MWI,1990,100000
Malawi,MWI,1991,110000
Malawi,MWI,1992,120000
Malawi,MWI,1993,120000
Malawi,MWI,1994,120000
Malawi,MWI,1995,120000
Malawi,MWI,1996,110000
Malawi,MWI,1997,110000
Malawi,MWI,1998,100000
Malawi,MWI,1999,98000
Malawi,MWI,2000,92000
Malawi,MWI,2001,87000
Malawi,MWI,2002,83000
Malawi,MWI,2003,78000
Malawi,MWI,2004,75000
Malawi,MWI,2005,72000
Malawi,MWI,2006,68000
Malawi,MWI,2007,65000
Malawi,MWI,2008,60000
Malawi,MWI,2009,58000
Malawi,MWI,2010,57000
Malawi,MWI,2011,52000
Malawi,MWI,2012,48000
Malawi,MWI,2013,44000
Malawi,MWI,2014,41000
Malawi,MWI,2015,37000
Malawi,MWI,2016,34000
Malawi,MWI,2017,30000
Malawi,MWI,2018,26000
Malawi,MWI,2019,22000
Malawi,MWI,2020,21000
Malaysia,MYS,1990,4900
Malaysia,MYS,1991,7600
Malaysia,MYS,1992,8500
Malaysia,MYS,1993,7700
Malaysia,MYS,1994,6500
Malaysia,MYS,1995,5800
Malaysia,MYS,1996,5500
Malaysia,MYS,1997,5500
Malaysia,MYS,1998,5600
Malaysia,MYS,1999,5800
Malaysia,MYS,2000,6000
Malaysia,MYS,2001,6200
Malaysia,MYS,2002,6000
Malaysia,MYS,2003,5800
Malaysia,MYS,2004,5700
Malaysia,MYS,2005,5500
Malaysia,MYS,2006,5500
Malaysia,MYS,2007,5400
Malaysia,MYS,2008,5300
Malaysia,MYS,2009,5200
Malaysia,MYS,2010,5100
Malaysia,MYS,2011,5000
Malaysia,MYS,2012,5000
Malaysia,MYS,2013,5100
Malaysia,MYS,2014,5000
Malaysia,MYS,2015,4800
Malaysia,MYS,2016,4900
Malaysia,MYS,2017,4800
Malaysia,MYS,2018,5100
Malaysia,MYS,2019,5600
Malaysia,MYS,2020,6100
Mali,MLI,1990,13000
Mali,MLI,1991,15000
Mali,MLI,1992,16000
Mali,MLI,1993,16000
Mali,MLI,1994,16000
Mali,MLI,1995,15000
Mali,MLI,1996,15000
Mali,MLI,1997,14000
Mali,MLI,1998,13000
Mali,MLI,1999,12000
Mali,MLI,2000,12000
Mali,MLI,2001,11000
Mali,MLI,2002,11000
Mali,MLI,2003,10000
Mali,MLI,2004,9900
Mali,MLI,2005,9700
Mali,MLI,2006,9200
Mali,MLI,2007,9000
Mali,MLI,2008,9100
Mali,MLI,2009,8300
Mali,MLI,2010,7700
Mali,MLI,2011,7100
Mali,MLI,2012,6700
Mali,MLI,2013,7000
Mali,MLI,2014,6700
Mali,MLI,2015,6400
Mali,MLI,2016,6200
Mali,MLI,2017,5900
Mali,MLI,2018,5600
Mali,MLI,2019,5400
Mali,MLI,2020,5100
Mauritius,MUS,1990,100
Mauritius,MUS,1991,100
Mauritius,MUS,1992,100
Mauritius,MUS,1993,100
Mauritius,MUS,1994,200
Mauritius,MUS,1995,500
Mauritius,MUS,1996,500
Mauritius,MUS,1997,610
Mauritius,MUS,1998,860
Mauritius,MUS,1999,1100
Mauritius,MUS,2000,1300
Mauritius,MUS,2001,1300
Mauritius,MUS,2002,1300
Mauritius,MUS,2003,1400
Mauritius,MUS,2004,1300
Mauritius,MUS,2005,1300
Mauritius,MUS,2006,1400
Mauritius,MUS,2007,1400
Mauritius,MUS,2008,1300
Mauritius,MUS,2009,1300
Mauritius,MUS,2010,1300
Mauritius,MUS,2011,1200
Mauritius,MUS,2012,1100
Mauritius,MUS,2013,1100
Mauritius,MUS,2014,1000
Mauritius,MUS,2015,990
Mauritius,MUS,2016,970
Mauritius,MUS,2017,970
Mauritius,MUS,2018,960
Mauritius,MUS,2019,960
Mauritius,MUS,2020,980
Mexico,MEX,1990,9500
Mexico,MEX,1991,10000
Mexico,MEX,1992,11000
Mexico,MEX,1993,12000
Mexico,MEX,1994,13000
Mexico,MEX,1995,14000
Mexico,MEX,1996,15000
Mexico,MEX,1997,15000
Mexico,MEX,1998,16000
Mexico,MEX,1999,16000
Mexico,MEX,2000,16000
Mexico,MEX,2001,16000
Mexico,MEX,2002,16000
Mexico,MEX,2003,16000
Mexico,MEX,2004,16000
Mexico,MEX,2005,15000
Mexico,MEX,2006,15000
Mexico,MEX,2007,15000
Mexico,MEX,2008,15000
Mexico,MEX,2009,15000
Mexico,MEX,2010,16000
Mexico,MEX,2011,17000
Mexico,MEX,2012,18000
Mexico,MEX,2013,20000
Mexico,MEX,2014,19000
Mexico,MEX,2015,19000
Mexico,MEX,2016,19000
Mexico,MEX,2017,19000
Mexico,MEX,2018,20000
Mexico,MEX,2019,20000
Mexico,MEX,2020,20000
Moldova,MDA,1990,100
Moldova,MDA,1991,100
Moldova,MDA,1992,100
Moldova,MDA,1993,200
Moldova,MDA,1994,200
Moldova,MDA,1995,500
Moldova,MDA,1996,830
Moldova,MDA,1997,1300
Moldova,MDA,1998,1700
Moldova,MDA,1999,1700
Moldova,MDA,2000,1600
Moldova,MDA,2001,1400
Moldova,MDA,2002,1300
Moldova,MDA,2003,1300
Moldova,MDA,2004,1400
Moldova,MDA,2005,1500
Moldova,MDA,2006,1500
Moldova,MDA,2007,1600
Moldova,MDA,2008,1600
Moldova,MDA,2009,1500
Moldova,MDA,2010,1400
Moldova,MDA,2011,1400
Moldova,MDA,2012,1300
Moldova,MDA,2013,1200
Moldova,MDA,2014,1100
Moldova,MDA,2015,1000
Moldova,MDA,2016,940
Moldova,MDA,2017,880
Moldova,MDA,2018,820
Moldova,MDA,2019,770
Moldova,MDA,2020,740
Mongolia,MNG,1990,100
Mongolia,MNG,1991,100
Mongolia,MNG,1992,100
Mongolia,MNG,1993,100
Mongolia,MNG,1994,100
Mongolia,MNG,1995,100
Mongolia,MNG,1996,100
Mongolia,MNG,1997,100
Mongolia,MNG,1998,100
Mongolia,MNG,1999,100
Mongolia,MNG,2000,100
Mongolia,MNG,2001,100
Mongolia,MNG,2002,100
Mongolia,MNG,2003,100
Mongolia,MNG,2004,100
Mongolia,MNG,2005,100
Mongolia,MNG,2006,100
Mongolia,MNG,2007,100
Mongolia,MNG,2008,100
Mongolia,MNG,2009,100
Mongolia,MNG,2010,100
Mongolia,MNG,2011,100
Mongolia,MNG,2012,100
Mongolia,MNG,2013,100
Mongolia,MNG,2014,100
Mongolia,MNG,2015,100
Mongolia,MNG,2016,100
Mongolia,MNG,2017,100
Mongolia,MNG,2018,100
Mongolia,MNG,2019,100
Mongolia,MNG,2020,100
Montenegro,MNE,1990,100
Montenegro,MNE,1991,100
Montenegro,MNE,1992,100
Montenegro,MNE,1993,100
Montenegro,MNE,1994,100
Montenegro,MNE,1995,100
Montenegro,MNE,1996,100
Montenegro,MNE,1997,100
Montenegro,MNE,1998,100
Montenegro,MNE,1999,100
Montenegro,MNE,2000,100
Montenegro,MNE,2001,100
Montenegro,MNE,2002,100
Montenegro,MNE,2003,100
Montenegro,MNE,2004,100
Montenegro,MNE,2005,100
Montenegro,MNE,2006,100
Montenegro,MNE,2007,100
Montenegro,MNE,2008,100
Montenegro,MNE,2009,100
Montenegro,MNE,2010,100
Montenegro,MNE,2011,100
Montenegro,MNE,2012,100
Montenegro,MNE,2013,100
Montenegro,MNE,2014,100
Montenegro,MNE,2015,100
Montenegro,MNE,2016,100
Montenegro,MNE,2017,100
Montenegro,MNE,2018,100
Montenegro,MNE,2019,100
Montenegro,MNE,2020,100
Morocco,MAR,1990,660
Morocco,MAR,1991,760
Morocco,MAR,1992,860
Morocco,MAR,1993,980
Morocco,MAR,1994,1000
Morocco,MAR,1995,1100
Morocco,MAR,1996,1200
Morocco,MAR,1997,1200
Morocco,MAR,1998,1300
Morocco,MAR,1999,1400
Morocco,MAR,2000,1500
Morocco,MAR,2001,1600
Morocco,MAR,2002,1600
Morocco,MAR,2003,1700
Morocco,MAR,2004,1600
Morocco,MAR,2005,1700
Morocco,MAR,2006,1700
Morocco,MAR,2007,1700
Morocco,MAR,2008,1600
Morocco,MAR,2009,1600
Morocco,MAR,2010,1500
Morocco,MAR,2011,1500
Morocco,MAR,2012,1400
Morocco,MAR,2013,1300
Morocco,MAR,2014,1200
Morocco,MAR,2015,1100
Morocco,MAR,2016,1000
Morocco,MAR,2017,950
Morocco,MAR,2018,880
Morocco,MAR,2019,780
Morocco,MAR,2020,720
Mozambique,MOZ,1990,24000
Mozambique,MOZ,1991,33000
Mozambique,MOZ,1992,43000
Mozambique,MOZ,1993,56000
Mozambique,MOZ,1994,70000
Mozambique,MOZ,1995,84000
Mozambique,MOZ,1996,98000
Mozambique,MOZ,1997,110000
Mozambique,MOZ,1998,120000
Mozambique,MOZ,1999,140000
Mozambique,MOZ,2000,140000
Mozambique,MOZ,2001,150000
Mozambique,MOZ,2002,150000
Mozambique,MOZ,2003,150000
Mozambique,MOZ,2004,150000
Mozambique,MOZ,2005,150000
Mozambique,MOZ,2006,150000
Mozambique,MOZ,2007,140000
Mozambique,MOZ,2008,140000
Mozambique,MOZ,2009,140000
Mozambique,MOZ,2010,150000
Mozambique,MOZ,2011,140000
Mozambique,MOZ,2012,140000
Mozambique,MOZ,2013,130000
Mozambique,MOZ,2014,130000
Mozambique,MOZ,2015,120000
Mozambique,MOZ,2016,120000
Mozambique,MOZ,2017,110000
Mozambique,MOZ,2018,110000
Mozambique,MOZ,2019,100000
Mozambique,MOZ,2020,98000
Namibia,NAM,1990,5300
Namibia,NAM,1991,7600
Namibia,NAM,1992,10000
Namibia,NAM,1993,14000
Namibia,NAM,1994,17000
Namibia,NAM,1995,20000
Namibia,NAM,1996,21000
Namibia,NAM,1997,22000
Namibia,NAM,1998,21000
Namibia,NAM,1999,20000
Namibia,NAM,2000,18000
Namibia,NAM,2001,17000
Namibia,NAM,2002,16000
Namibia,NAM,2003,16000
Namibia,NAM,2004,15000
Namibia,NAM,2005,14000
Namibia,NAM,2006,13000
Namibia,NAM,2007,12000
Namibia,NAM,2008,11000
Namibia,NAM,2009,11000
Namibia,NAM,2010,11000
Namibia,NAM,2011,10000
Namibia,NAM,2012,9700
Namibia,NAM,2013,8900
Namibia,NAM,2014,8300
Namibia,NAM,2015,8400
Namibia,NAM,2016,7900
Namibia,NAM,2017,7700
Namibia,NAM,2018,7000
Namibia,NAM,2019,6300
Namibia,NAM,2020,5500
Nepal,NPL,1990,100
Nepal,NPL,1991,100
Nepal,NPL,1992,100
Nepal,NPL,1993,200
Nepal,NPL,1994,500
Nepal,NPL,1995,590
Nepal,NPL,1996,1200
Nepal,NPL,1997,2200
Nepal,NPL,1998,3600
Nepal,NPL,1999,4400
Nepal,NPL,2000,4400
Nepal,NPL,2001,4200
Nepal,NPL,2002,4100
Nepal,NPL,2003,4000
Nepal,NPL,2004,3800
Nepal,NPL,2005,3600
Nepal,NPL,2006,3200
Nepal,NPL,2007,2800
Nepal,NPL,2008,2500
Nepal,NPL,2009,2300
Nepal,NPL,2010,2100
Nepal,NPL,2011,1800
Nepal,NPL,2012,1600
Nepal,NPL,2013,1400
Nepal,NPL,2014,1300
Nepal,NPL,2015,1200
Nepal,NPL,2016,1100
Nepal,NPL,2017,970
Nepal,NPL,2018,870
Nepal,NPL,2019,810
Nepal,NPL,2020,750
Netherlands,NLD,1990,680
Netherlands,NLD,1991,800
Netherlands,NLD,1992,900
Netherlands,NLD,1993,960
Netherlands,NLD,1994,1000
Netherlands,NLD,1995,1000
Netherlands,NLD,1996,980
Netherlands,NLD,1997,960
Netherlands,NLD,1998,930
Netherlands,NLD,1999,920
Netherlands,NLD,2000,910
Netherlands,NLD,2001,930
Netherlands,NLD,2002,970
Netherlands,NLD,2003,1000
Netherlands,NLD,2004,1000
Netherlands,NLD,2005,1100
Netherlands,NLD,2006,1100
Netherlands,NLD,2007,1100
Netherlands,NLD,2008,1100
Netherlands,NLD,2009,1000
Netherlands,NLD,2010,980
Netherlands,NLD,2011,920
Netherlands,NLD,2012,850
Netherlands,NLD,2013,790
Netherlands,NLD,2014,720
Netherlands,NLD,2015,650
Netherlands,NLD,2016,570
Netherlands,NLD,2017,500
Netherlands,NLD,2018,500
Netherlands,NLD,2019,500
Netherlands,NLD,2020,500
New Zealand,NZL,1990,100
New Zealand,NZL,1991,100
New Zealand,NZL,1992,100
New Zealand,NZL,1993,100
New Zealand,NZL,1994,100
New Zealand,NZL,1995,100
New Zealand,NZL,1996,100
New Zealand,NZL,1997,100
New Zealand,NZL,1998,100
New Zealand,NZL,1999,100
New Zealand,NZL,2000,100
New Zealand,NZL,2001,100
New Zealand,NZL,2002,200
New Zealand,NZL,2003,200
New Zealand,NZL,2004,200
New Zealand,NZL,2005,200
New Zealand,NZL,2006,200
New Zealand,NZL,2007,200
New Zealand,NZL,2008,200
New Zealand,NZL,2009,200
New Zealand,NZL,2010,200
New Zealand,NZL,2011,200
New Zealand,NZL,2012,200
New Zealand,NZL,2013,200
New Zealand,NZL,2014,200
New Zealand,NZL,2015,200
New Zealand,NZL,2016,200
New Zealand,NZL,2017,200
New Zealand,NZL,2018,200
New Zealand,NZL,2019,200
New Zealand,NZL,2020,200
Nicaragua,NIC,1990,100
Nicaragua,NIC,1991,200
Nicaragua,NIC,1992,200
Nicaragua,NIC,1993,200
Nicaragua,NIC,1994,500
Nicaragua,NIC,1995,500
Nicaragua,NIC,1996,500
Nicaragua,NIC,1997,590
Nicaragua,NIC,1998,730
Nicaragua,NIC,1999,820
Nicaragua,NIC,2000,800
Nicaragua,NIC,2001,740
Nicaragua,NIC,2002,730
Nicaragua,NIC,2003,720
Nicaragua,NIC,2004,720
Nicaragua,NIC,2005,620
Nicaragua,NIC,2006,660
Nicaragua,NIC,2007,650
Nicaragua,NIC,2008,680
Nicaragua,NIC,2009,700
Nicaragua,NIC,2010,710
Nicaragua,NIC,2011,720
Nicaragua,NIC,2012,730
Nicaragua,NIC,2013,740
Nicaragua,NIC,2014,760
Nicaragua,NIC,2015,760
Nicaragua,NIC,2016,760
Nicaragua,NIC,2017,770
Nicaragua,NIC,2018,770
Nicaragua,NIC,2019,750
Nicaragua,NIC,2020,740
Niger,NER,1990,1900
Niger,NER,1991,2500
Niger,NER,1992,3100
Niger,NER,1993,3700
Niger,NER,1994,4300
Niger,NER,1995,4700
Niger,NER,1996,5200
Niger,NER,1997,5400
Niger,NER,1998,5400
Niger,NER,1999,5600
Niger,NER,2000,5500
Niger,NER,2001,5000
Niger,NER,2002,4500
Niger,NER,2003,4200
Niger,NER,2004,3800
Niger,NER,2005,3400
Niger,NER,2006,3000
Niger,NER,2007,2400
Niger,NER,2008,2200
Niger,NER,2009,2000
Niger,NER,2010,1300
Niger,NER,2011,1300
Niger,NER,2012,1300
Niger,NER,2013,1300
Niger,NER,2014,1200
Niger,NER,2015,1300
Niger,NER,2016,1100
Niger,NER,2017,1200
Niger,NER,2018,1200
Niger,NER,2019,1200
Niger,NER,2020,1200
Nigeria,NGA,1990,78000
Nigeria,NGA,1991,90000
Nigeria,NGA,1992,100000
Nigeria,NGA,1993,110000
Nigeria,NGA,1994,120000
Nigeria,NGA,1995,130000
Nigeria,NGA,1996,140000
Nigeria,NGA,1997,140000
Nigeria,NGA,1998,140000
Nigeria,NGA,1999,140000
Nigeria,NGA,2000,140000
Nigeria,NGA,2001,130000
Nigeria,NGA,2002,130000
Nigeria,NGA,2003,130000
Nigeria,NGA,2004,120000
Nigeria,NGA,2005,120000
Nigeria,NGA,2006,120000
Nigeria,NGA,2007,120000
Nigeria,NGA,2008,120000
Nigeria,NGA,2009,120000
Nigeria,NGA,2010,110000
Nigeria,NGA,2011,110000
Nigeria,NGA,2012,110000
Nigeria,NGA,2013,100000
Nigeria,NGA,2014,97000
Nigeria,NGA,2015,95000
Nigeria,NGA,2016,95000
Nigeria,NGA,2017,93000
Nigeria,NGA,2018,93000
Nigeria,NGA,2019,92000
Nigeria,NGA,2020,86000
Norway,NOR,1990,100
Norway,NOR,1991,100
Norway,NOR,1992,100
Norway,NOR,1993,100
Norway,NOR,1994,100
Norway,NOR,1995,200
Norway,NOR,1996,200
Norway,NOR,1997,200
Norway,NOR,1998,200
Norway,NOR,1999,200
Norway,NOR,2000,500
Norway,NOR,2001,500
Norway,NOR,2002,500
Norway,NOR,2003,500
Norway,NOR,2004,500
Norway,NOR,2005,500
Norway,NOR,2006,500
Norway,NOR,2007,500
Norway,NOR,2008,500
Norway,NOR,2009,500
Norway,NOR,2010,500
Norway,NOR,2011,200
Norway,NOR,2012,200
Norway,NOR,2013,200
Norway,NOR,2014,200
Norway,NOR,2015,200
Norway,NOR,2016,200
Norway,NOR,2017,200
Norway,NOR,2018,100
Norway,NOR,2019,100
Norway,NOR,2020,100
Pakistan,PAK,1990,100
Pakistan,PAK,1991,100
Pakistan,PAK,1992,100
Pakistan,PAK,1993,100
Pakistan,PAK,1994,100
Pakistan,PAK,1995,100
Pakistan,PAK,1996,100
Pakistan,PAK,1997,100
Pakistan,PAK,1998,100
Pakistan,PAK,1999,100
Pakistan,PAK,2000,200
Pakistan,PAK,2001,200
Pakistan,PAK,2002,500
Pakistan,PAK,2003,500
Pakistan,PAK,2004,1100
Pakistan,PAK,2005,8300
Pakistan,PAK,2006,9600
Pakistan,PAK,2007,11000
Pakistan,PAK,2008,13000
Pakistan,PAK,2009,14000
Pakistan,PAK,2010,14000
Pakistan,PAK,2011,14000
Pakistan,PAK,2012,15000
Pakistan,PAK,2013,16000
Pakistan,PAK,2014,18000
Pakistan,PAK,2015,19000
Pakistan,PAK,2016,20000
Pakistan,PAK,2017,21000
Pakistan,PAK,2018,22000
Pakistan,PAK,2019,24000
Pakistan,PAK,2020,25000
Panama,PAN,1990,760
Panama,PAN,1991,840
Panama,PAN,1992,920
Panama,PAN,1993,990
Panama,PAN,1994,1100
Panama,PAN,1995,1100
Panama,PAN,1996,1100
Panama,PAN,1997,1100
Panama,PAN,1998,1100
Panama,PAN,1999,1100
Panama,PAN,2000,1200
Panama,PAN,2001,1200
Panama,PAN,2002,1200
Panama,PAN,2003,1200
Panama,PAN,2004,1300
Panama,PAN,2005,1300
Panama,PAN,2006,1400
Panama,PAN,2007,1400
Panama,PAN,2008,1500
Panama,PAN,2009,1600
Panama,PAN,2010,1600
Panama,PAN,2011,1700
Panama,PAN,2012,1700
Panama,PAN,2013,1700
Panama,PAN,2014,1800
Panama,PAN,2015,1800
Panama,PAN,2016,1800
Panama,PAN,2017,1800
Panama,PAN,2018,1800
Panama,PAN,2019,1800
Panama,PAN,2020,1800
Papua New Guinea,PNG,1990,100
Papua New Guinea,PNG,1991,100
Papua New Guinea,PNG,1992,200
Papua New Guinea,PNG,1993,500
Papua New Guinea,PNG,1994,500
Papua New Guinea,PNG,1995,520
Papua New Guinea,PNG,1996,840
Papua New Guinea,PNG,1997,1300
Papua New Guinea,PNG,1998,1900
Papua New Guinea,PNG,1999,2600
Papua New Guinea,PNG,2000,3300
Papua New Guinea,PNG,2001,3800
Papua New Guinea,PNG,2002,4100
Papua New Guinea,PNG,2003,4000
Papua New Guinea,PNG,2004,3700
Papua New Guinea,PNG,2005,3300
Papua New Guinea,PNG,2006,2900
Papua New Guinea,PNG,2007,2600
Papua New Guinea,PNG,2008,2500
Papua New Guinea,PNG,2009,2400
Papua New Guinea,PNG,2010,2500
Papua New Guinea,PNG,2011,2600
Papua New Guinea,PNG,2012,2600
Papua New Guinea,PNG,2013,2800
Papua New Guinea,PNG,2014,2900
Papua New Guinea,PNG,2015,3100
Papua New Guinea,PNG,2016,3200
Papua New Guinea,PNG,2017,3300
Papua New Guinea,PNG,2018,3400
Papua New Guinea,PNG,2019,3300
Papua New Guinea,PNG,2020,3400
Paraguay,PRY,1990,500
Paraguay,PRY,1991,500
Paraguay,PRY,1992,500
Paraguay,PRY,1993,510
Paraguay,PRY,1994,770
Paraguay,PRY,1995,1100
Paraguay,PRY,1996,1300
Paraguay,PRY,1997,1600
Paraguay,PRY,1998,1800
Paraguay,PRY,1999,1900
Paraguay,PRY,2000,1800
Paraguay,PRY,2001,1800
Paraguay,PRY,2002,1700
Paraguay,PRY,2003,1600
Paraguay,PRY,2004,1500
Paraguay,PRY,2005,1400
Paraguay,PRY,2006,1200
Paraguay,PRY,2007,1100
Paraguay,PRY,2008,1100
Paraguay,PRY,2009,1100
Paraguay,PRY,2010,1000
Paraguay,PRY,2011,1000
Paraguay,PRY,2012,1000
Paraguay,PRY,2013,1000
Paraguay,PRY,2014,1000
Paraguay,PRY,2015,1000
Paraguay,PRY,2016,1000
Paraguay,PRY,2017,950
Paraguay,PRY,2018,910
Paraguay,PRY,2019,900
Paraguay,PRY,2020,890
Peru,PER,1990,6400
Peru,PER,1991,5700
Peru,PER,1992,5200
Peru,PER,1993,4700
Peru,PER,1994,4700
Peru,PER,1995,4600
Peru,PER,1996,4600
Peru,PER,1997,4700
Peru,PER,1998,4800
Peru,PER,1999,4900
Peru,PER,2000,4900
Peru,PER,2001,5000
Peru,PER,2002,5000
Peru,PER,2003,4900
Peru,PER,2004,5000
Peru,PER,2005,5000
Peru,PER,2006,5000
Peru,PER,2007,4800
Peru,PER,2008,4500
Peru,PER,2009,4500
Peru,PER,2010,4200
Peru,PER,2011,3700
Peru,PER,2012,3700
Peru,PER,2013,3500
Peru,PER,2014,3500
Peru,PER,2015,3600
Peru,PER,2016,4000
Peru,PER,2017,4100
Peru,PER,2018,4300
Peru,PER,2019,4600
Peru,PER,2020,4100
Philippines,PHL,1990,100
Philippines,PHL,1991,100
Philippines,PHL,1992,100
Philippines,PHL,1993,100
Philippines,PHL,1994,100
Philippines,PHL,1995,100
Philippines,PHL,1996,100
Philippines,PHL,1997,200
Philippines,PHL,1998,200
Philippines,PHL,1999,200
Philippines,PHL,2000,500
Philippines,PHL,2001,500
Philippines,PHL,2002,500
Philippines,PHL,2003,630
Philippines,PHL,2004,800
Philippines,PHL,2005,1000
Philippines,PHL,2006,1300
Philippines,PHL,2007,1800
Philippines,PHL,2008,2200
Philippines,PHL,2009,3600
Philippines,PHL,2010,5000
Philippines,PHL,2011,5100
Philippines,PHL,2012,5900
Philippines,PHL,2013,7200
Philippines,PHL,2014,8700
Philippines,PHL,2015,9800
Philippines,PHL,2016,11000
Philippines,PHL,2017,12000
Philippines,PHL,2018,14000
Philippines,PHL,2019,15000
Philippines,PHL,2020,17000
Portugal,PRT,1990,3000
Portugal,PRT,1991,3200
Portugal,PRT,1992,3300
Portugal,PRT,1993,3200
Portugal,PRT,1994,3000
Portugal,PRT,1995,2900
Portugal,PRT,1996,2700
Portugal,PRT,1997,2600
Portugal,PRT,1998,2500
Portugal,PRT,1999,2400
Portugal,PRT,2000,2300
Portugal,PRT,2001,2200
Portugal,PRT,2002,2100
Portugal,PRT,2003,2000
Portugal,PRT,2004,2000
Portugal,PRT,2005,2000
Portugal,PRT,2006,1900
Portugal,PRT,2007,1900
Portugal,PRT,2008,1800
Portugal,PRT,2009,1700
Portugal,PRT,2010,1600
Portugal,PRT,2011,1600
Portugal,PRT,2012,1500
Portugal,PRT,2013,1400
Portugal,PRT,2014,1300
Portugal,PRT,2015,1200
Portugal,PRT,2016,1100
Portugal,PRT,2017,960
Portugal,PRT,2018,860
Portugal,PRT,2019,760
Portugal,PRT,2020,670
Qatar,QAT,1990,100
Qatar,QAT,1991,100
Qatar,QAT,1992,100
Qatar,QAT,1993,100
Qatar,QAT,1994,100
Qatar,QAT,1995,100
Qatar,QAT,1996,100
Qatar,QAT,1997,100
Qatar,QAT,1998,100
Qatar,QAT,1999,100
Qatar,QAT,2000,100
Qatar,QAT,2001,100
Qatar,QAT,2002,100
Qatar,QAT,2003,100
Qatar,QAT,2004,100
Qatar,QAT,2005,100
Qatar,QAT,2006,100
Qatar,QAT,2007,100
Qatar,QAT,2008,100
Qatar,QAT,2009,100
Qatar,QAT,2010,100
Qatar,QAT,2011,100
Qatar,QAT,2012,100
Qatar,QAT,2013,100
Qatar,QAT,2014,100
Qatar,QAT,2015,100
Qatar,QAT,2016,100
Qatar,QAT,2017,100
Qatar,QAT,2018,100
Qatar,QAT,2019,100
Qatar,QAT,2020,100
Romania,ROU,1990,2100
Romania,ROU,1991,1100
Romania,ROU,1992,1100
Romania,ROU,1993,1100
Romania,ROU,1994,1300
Romania,ROU,1995,1400
Romania,ROU,1996,1400
Romania,ROU,1997,1500
Romania,ROU,1998,1400
Romania,ROU,1999,1300
Romania,ROU,2000,1300
Romania,ROU,2001,1200
Romania,ROU,2002,1100
Romania,ROU,2003,1000
Romania,ROU,2004,970
Romania,ROU,2005,940
Romania,ROU,2006,930
Romania,ROU,2007,910
Romania,ROU,2008,890
Romania,ROU,2009,870
Romania,ROU,2010,860
Romania,ROU,2011,840
Romania,ROU,2012,830
Romania,ROU,2013,820
Romania,ROU,2014,820
Romania,ROU,2015,810
Romania,ROU,2016,810
Romania,ROU,2017,800
Romania,ROU,2018,790
Romania,ROU,2019,780
Romania,ROU,2020,770
Rwanda,RWA,1990,20000
Rwanda,RWA,1991,23000
Rwanda,RWA,1992,24000
Rwanda,RWA,1993,24000
Rwanda,RWA,1994,23000
Rwanda,RWA,1995,23000
Rwanda,RWA,1996,24000
Rwanda,RWA,1997,23000
Rwanda,RWA,1998,23000
Rwanda,RWA,1999,23000
Rwanda,RWA,2000,23000
Rwanda,RWA,2001,22000
Rwanda,RWA,2002,21000
Rwanda,RWA,2003,18000
Rwanda,RWA,2004,16000
Rwanda,RWA,2005,15000
Rwanda,RWA,2006,14000
Rwanda,RWA,2007,12000
Rwanda,RWA,2008,11000
Rwanda,RWA,2009,10000
Rwanda,RWA,2010,9600
Rwanda,RWA,2011,8000
Rwanda,RWA,2012,7800
Rwanda,RWA,2013,7000
Rwanda,RWA,2014,6400
Rwanda,RWA,2015,5800
Rwanda,RWA,2016,5600
Rwanda,RWA,2017,5200
Rwanda,RWA,2018,4900
Rwanda,RWA,2019,4400
Rwanda,RWA,2020,4200
Saudi Arabia,SAU,1990,100
Saudi Arabia,SAU,1991,100
Saudi Arabia,SAU,1992,200
Saudi Arabia,SAU,1993,200
Saudi Arabia,SAU,1994,200
Saudi Arabia,SAU,1995,200
Saudi Arabia,SAU,1996,200
Saudi Arabia,SAU,1997,200
Saudi Arabia,SAU,1998,500
Saudi Arabia,SAU,1999,500
Saudi Arabia,SAU,2000,500
Saudi Arabia,SAU,2001,500
Saudi Arabia,SAU,2002,500
Saudi Arabia,SAU,2003,500
Saudi Arabia,SAU,2004,500
Saudi Arabia,SAU,2005,500
Saudi Arabia,SAU,2006,500
Saudi Arabia,SAU,2007,500
Saudi Arabia,SAU,2008,500
Saudi Arabia,SAU,2009,500
Saudi Arabia,SAU,2010,500
Saudi Arabia,SAU,2011,500
Saudi Arabia,SAU,2012,530
Saudi Arabia,SAU,2013,580
Saudi Arabia,SAU,2014,660
Saudi Arabia,SAU,2015,750
Saudi Arabia,SAU,2016,850
Saudi Arabia,SAU,2017,910
Saudi Arabia,SAU,2018,960
Saudi Arabia,SAU,2019,1000
Saudi Arabia,SAU,2020,1000
Senegal,SEN,1990,1600
Senegal,SEN,1991,2000
Senegal,SEN,1992,2400
Senegal,SEN,1993,2900
Senegal,SEN,1994,3400
Senegal,SEN,1995,3900
Senegal,SEN,1996,4400
Senegal,SEN,1997,5000
Senegal,SEN,1998,5400
Senegal,SEN,1999,5700
Senegal,SEN,2000,6000
Senegal,SEN,2001,6100
Senegal,SEN,2002,6100
Senegal,SEN,2003,5800
Senegal,SEN,2004,5400
Senegal,SEN,2005,5200
Senegal,SEN,2006,4600
Senegal,SEN,2007,3900
Senegal,SEN,2008,2900
Senegal,SEN,2009,2500
Senegal,SEN,2010,2100
Senegal,SEN,2011,1800
Senegal,SEN,2012,1600
Senegal,SEN,2013,1400
Senegal,SEN,2014,1400
Senegal,SEN,2015,1300
Senegal,SEN,2016,1300
Senegal,SEN,2017,1400
Senegal,SEN,2018,1300
Senegal,SEN,2019,1200
Senegal,SEN,2020,1200
Serbia,SRB,1990,200
Serbia,SRB,1991,200
Serbia,SRB,1992,200
Serbia,SRB,1993,200
Serbia,SRB,1994,100
Serbia,SRB,1995,100
Serbia,SRB,1996,100
Serbia,SRB,1997,100
Serbia,SRB,1998,100
Serbia,SRB,1999,100
Serbia,SRB,2000,100
Serbia,SRB,2001,100
Serbia,SRB,2002,100
Serbia,SRB,2003,100
Serbia,SRB,2004,200
Serbia,SRB,2005,200
Serbia,SRB,2006,200
Serbia,SRB,2007,200
Serbia,SRB,2008,200
Serbia,SRB,2009,200
Serbia,SRB,2010,200
Serbia,SRB,2011,200
Serbia,SRB,2012,200
Serbia,SRB,2013,200
Serbia,SRB,2014,200
Serbia,SRB,2015,200
Serbia,SRB,2016,500
Serbia,SRB,2017,500
Serbia,SRB,2018,500
Serbia,SRB,2019,500
Serbia,SRB,2020,500
Sierra Leone,SLE,1990,4100
Sierra Leone,SLE,1991,4700
Sierra Leone,SLE,1992,5100
Sierra Leone,SLE,1993,5500
Sierra Leone,SLE,1994,5800
Sierra Leone,SLE,1995,6000
Sierra Leone,SLE,1996,6100
Sierra Leone,SLE,1997,6100
Sierra Leone,SLE,1998,6300
Sierra Leone,SLE,1999,6400
Sierra Leone,SLE,2000,6400
Sierra Leone,SLE,2001,6600
Sierra Leone,SLE,2002,6700
Sierra Leone,SLE,2003,6900
Sierra Leone,SLE,2004,7000
Sierra Leone,SLE,2005,7100
Sierra Leone,SLE,2006,7000
Sierra Leone,SLE,2007,7000
Sierra Leone,SLE,2008,6800
Sierra Leone,SLE,2009,6800
Sierra Leone,SLE,2010,6500
Sierra Leone,SLE,2011,6300
Sierra Leone,SLE,2012,6000
Sierra Leone,SLE,2013,6100
Sierra Leone,SLE,2014,6300
Sierra Leone,SLE,2015,6200
Sierra Leone,SLE,2016,6100
Sierra Leone,SLE,2017,6000
Sierra Leone,SLE,2018,5700
Sierra Leone,SLE,2019,5600
Sierra Leone,SLE,2020,5400
Singapore,SGP,1990,200
Singapore,SGP,1991,500
Singapore,SGP,1992,500
Singapore,SGP,1993,500
Singapore,SGP,1994,500
Singapore,SGP,1995,500
Singapore,SGP,1996,500
Singapore,SGP,1997,500
Singapore,SGP,1998,500
Singapore,SGP,1999,500
Singapore,SGP,2000,500
Singapore,SGP,2001,500
Singapore,SGP,2002,500
Singapore,SGP,2003,500
Singapore,SGP,2004,500
Singapore,SGP,2005,500
Singapore,SGP,2006,500
Singapore,SGP,2007,500
Singapore,SGP,2008,500
Singapore,SGP,2009,500
Singapore,SGP,2010,500
Singapore,SGP,2011,500
Singapore,SGP,2012,500
Singapore,SGP,2013,500
Singapore,SGP,2014,500
Singapore,SGP,2015,500
Singapore,SGP,2016,500
Singapore,SGP,2017,200
Singapore,SGP,2018,200
Singapore,SGP,2019,100
Singapore,SGP,2020,100
Slovenia,SVN,1990,100
Slovenia,SVN,1991,100
Slovenia,SVN,1992,100
Slovenia,SVN,1993,100
Slovenia,SVN,1994,100
Slovenia,SVN,1995,100
Slovenia,SVN,1996,100
Slovenia,SVN,1997,100
Slovenia,SVN,1998,100
Slovenia,SVN,1999,100
Slovenia,SVN,2000,100
Slovenia,SVN,2001,100
Slovenia,SVN,2002,100
Slovenia,SVN,2003,100
Slovenia,SVN,2004,100
Slovenia,SVN,2005,100
Slovenia,SVN,2006,100
Slovenia,SVN,2007,100
Slovenia,SVN,2008,100
Slovenia,SVN,2009,100
Slovenia,SVN,2010,100
Slovenia,SVN,2011,100
Slovenia,SVN,2012,100
Slovenia,SVN,2013,100
Slovenia,SVN,2014,100
Slovenia,SVN,2015,100
Slovenia,SVN,2016,100
Slovenia,SVN,2017,100
Slovenia,SVN,2018,100
Slovenia,SVN,2019,100
Slovenia,SVN,2020,100
Somalia,SOM,1990,500
Somalia,SOM,1991,560
Somalia,SOM,1992,690
Somalia,SOM,1993,820
Somalia,SOM,1994,970
Somalia,SOM,1995,1100
Somalia,SOM,1996,1300
Somalia,SOM,1997,1400
Somalia,SOM,1998,1600
Somalia,SOM,1999,1800
Somalia,SOM,2000,1800
Somalia,SOM,2001,1900
Somalia,SOM,2002,1900
Somalia,SOM,2003,1800
Somalia,SOM,2004,1800
Somalia,SOM,2005,1700
Somalia,SOM,2006,1400
Somalia,SOM,2007,1300
Somalia,SOM,2008,1100
Somalia,SOM,2009,880
Somalia,SOM,2010,710
Somalia,SOM,2011,590
Somalia,SOM,2012,500
Somalia,SOM,2013,500
Somalia,SOM,2014,500
Somalia,SOM,2015,500
Somalia,SOM,2016,500
Somalia,SOM,2017,500
Somalia,SOM,2018,500
Somalia,SOM,2019,500
Somalia,SOM,2020,500
South Africa,ZAF,1990,58000
South Africa,ZAF,1991,100000
South Africa,ZAF,1992,160000
South Africa,ZAF,1993,230000
South Africa,ZAF,1994,290000
South Africa,ZAF,1995,360000
South Africa,ZAF,1996,410000
South Africa,ZAF,1997,460000
South Africa,ZAF,1998,490000
South Africa,ZAF,1999,510000
South Africa,ZAF,2000,520000
South Africa,ZAF,2001,520000
South Africa,ZAF,2002,520000
South Africa,ZAF,2003,510000
South Africa,ZAF,2004,500000
South Africa,ZAF,2005,500000
South Africa,ZAF,2006,490000
South Africa,ZAF,2007,480000
South Africa,ZAF,2008,460000
South Africa,ZAF,2009,450000
South Africa,ZAF,2010,420000
South Africa,ZAF,2011,400000
South Africa,ZAF,2012,380000
South Africa,ZAF,2013,360000
South Africa,ZAF,2014,340000
South Africa,ZAF,2015,310000
South Africa,ZAF,2016,300000
South Africa,ZAF,2017,290000
South Africa,ZAF,2018,260000
South Africa,ZAF,2019,250000
South Africa,ZAF,2020,230000
South Sudan,SSD,1990,6200
South Sudan,SSD,1991,7000
South Sudan,SSD,1992,7900
South Sudan,SSD,1993,8500
South Sudan,SSD,1994,9000
South Sudan,SSD,1995,10000
South Sudan,SSD,1996,10000
South Sudan,SSD,1997,11000
South Sudan,SSD,1998,12000
South Sudan,SSD,1999,12000
South Sudan,SSD,2000,12000
South Sudan,SSD,2001,12000
South Sudan,SSD,2002,13000
South Sudan,SSD,2003,13000
South Sudan,SSD,2004,13000
South Sudan,SSD,2005,13000
South Sudan,SSD,2006,13000
South Sudan,SSD,2007,14000
South Sudan,SSD,2008,14000
South Sudan,SSD,2009,15000
South Sudan,SSD,2010,15000
South Sudan,SSD,2011,15000
South Sudan,SSD,2012,16000
South Sudan,SSD,2013,16000
South Sudan,SSD,2014,16000
South Sudan,SSD,2015,16000
South Sudan,SSD,2016,17000
South Sudan,SSD,2017,17000
South Sudan,SSD,2018,17000
South Sudan,SSD,2019,17000
South Sudan,SSD,2020,17000
Spain,ESP,1990,13000
Spain,ESP,1991,11000
Spain,ESP,1992,9500
Spain,ESP,1993,7900
Spain,ESP,1994,6600
Spain,ESP,1995,5600
Spain,ESP,1996,4800
Spain,ESP,1997,4200
Spain,ESP,1998,3700
Spain,ESP,1999,3400
Spain,ESP,2000,3200
Spain,ESP,2001,3000
Spain,ESP,2002,2900
Spain,ESP,2003,2900
Spain,ESP,2004,2900
Spain,ESP,2005,3000
Spain,ESP,2006,3200
Spain,ESP,2007,3400
Spain,ESP,2008,3600
Spain,ESP,2009,3900
Spain,ESP,2010,4100
Spain,ESP,2011,4200
Spain,ESP,2012,4300
Spain,ESP,2013,4300
Spain,ESP,2014,4300
Spain,ESP,2015,4200
Spain,ESP,2016,4100
Spain,ESP,2017,4000
Spain,ESP,2018,3900
Spain,ESP,2019,3700
Spain,ESP,2020,3500
Sri Lanka,LKA,1990,100
Sri Lanka,LKA,1991,100
Sri Lanka,LKA,1992,100
Sri Lanka,LKA,1993,100
Sri Lanka,LKA,1994,200
Sri Lanka,LKA,1995,200
Sri Lanka,LKA,1996,500
Sri Lanka,LKA,1997,500
Sri Lanka,LKA,1998,500
Sri Lanka,LKA,1999,500
Sri Lanka,LKA,2000,500
Sri Lanka,LKA,2001,500
Sri Lanka,LKA,2002,500
Sri Lanka,LKA,2003,500
Sri Lanka,LKA,2004,500
Sri Lanka,LKA,2005,500
Sri Lanka,LKA,2006,500
Sri Lanka,LKA,2007,500
Sri Lanka,LKA,2008,500
Sri Lanka,LKA,2009,500
Sri Lanka,LKA,2010,500
Sri Lanka,LKA,2011,500
Sri Lanka,LKA,2012,500
Sri Lanka,LKA,2013,500
Sri Lanka,LKA,2014,500
Sri Lanka,LKA,2015,500
Sri Lanka,LKA,2016,500
Sri Lanka,LKA,2017,200
Sri Lanka,LKA,2018,200
Sri Lanka,LKA,2019,200
Sri Lanka,LKA,2020,200
Sudan,SDN,1990,550
Sudan,SDN,1991,790
Sudan,SDN,1992,1200
Sudan,SDN,1993,2000
Sudan,SDN,1994,3300
Sudan,SDN,1995,4000
Sudan,SDN,1996,4400
Sudan,SDN,1997,4600
Sudan,SDN,1998,4600
Sudan,SDN,1999,4800
Sudan,SDN,2000,4700
Sudan,SDN,2001,4800
Sudan,SDN,2002,4800
Sudan,SDN,2003,4500
Sudan,SDN,2004,3600
Sudan,SDN,2005,3500
Sudan,SDN,2006,3800
Sudan,SDN,2007,4000
Sudan,SDN,2008,4100
Sudan,SDN,2009,3800
Sudan,SDN,2010,3600
Sudan,SDN,2011,3600
Sudan,SDN,2012,3600
Sudan,SDN,2013,3700
Sudan,SDN,2014,3700
Sudan,SDN,2015,3700
Sudan,SDN,2016,3700
Sudan,SDN,2017,3700
Sudan,SDN,2018,3700
Sudan,SDN,2019,3800
Sudan,SDN,2020,3800
Suriname,SUR,1990,200
Suriname,SUR,1991,200
Suriname,SUR,1992,200
Suriname,SUR,1993,500
Suriname,SUR,1994,500
Suriname,SUR,1995,500
Suriname,SUR,1996,500
Suriname,SUR,1997,500
Suriname,SUR,1998,500
Suriname,SUR,1999,500
Suriname,SUR,2000,500
Suriname,SUR,2001,500
Suriname,SUR,2002,500
Suriname,SUR,2003,500
Suriname,SUR,2004,500
Suriname,SUR,2005,500
Suriname,SUR,2006,500
Suriname,SUR,2007,500
Suriname,SUR,2008,500
Suriname,SUR,2009,500
Suriname,SUR,2010,500
Suriname,SUR,2011,500
Suriname,SUR,2012,500
Suriname,SUR,2013,500
Suriname,SUR,2014,500
Suriname,SUR,2015,500
Suriname,SUR,2016,200
Suriname,SUR,2017,200
Suriname,SUR,2018,200
Suriname,SUR,2019,200
Suriname,SUR,2020,200
Switzerland,CHE,1990,1200
Switzerland,CHE,1991,970
Switzerland,CHE,1992,790
Switzerland,CHE,1993,650
Switzerland,CHE,1994,560
Switzerland,CHE,1995,500
Switzerland,CHE,1996,500
Switzerland,CHE,1997,500
Switzerland,CHE,1998,550
Switzerland,CHE,1999,600
Switzerland,CHE,2000,640
Switzerland,CHE,2001,680
Switzerland,CHE,2002,700
Switzerland,CHE,2003,690
Switzerland,CHE,2004,660
Switzerland,CHE,2005,620
Switzerland,CHE,2006,570
Switzerland,CHE,2007,520
Switzerland,CHE,2008,500
Switzerland,CHE,2009,500
Switzerland,CHE,2010,500
Switzerland,CHE,2011,500
Switzerland,CHE,2012,500
Switzerland,CHE,2013,500
Switzerland,CHE,2014,500
Switzerland,CHE,2015,500
Switzerland,CHE,2016,500
Switzerland,CHE,2017,500
Switzerland,CHE,2018,500
Syria,SYR,1990,100
Syria,SYR,1991,100
Syria,SYR,1992,100
Syria,SYR,1993,100
Syria,SYR,1994,100
Syria,SYR,1995,100
Syria,SYR,1996,100
Syria,SYR,1997,100
Syria,SYR,1998,100
Syria,SYR,1999,100
Syria,SYR,2000,100
Syria,SYR,2001,100
Syria,SYR,2002,100
Syria,SYR,2003,100
Syria,SYR,2004,100
Syria,SYR,2005,100
Syria,SYR,2006,100
Syria,SYR,2007,100
Syria,SYR,2008,100
Syria,SYR,2009,100
Syria,SYR,2010,100
Syria,SYR,2011,100
Syria,SYR,2012,100
Syria,SYR,2013,100
Syria,SYR,2014,100
Syria,SYR,2015,100
Syria,SYR,2016,100
Syria,SYR,2017,100
Syria,SYR,2018,100
Syria,SYR,2019,100
Syria,SYR,2020,100
Tajikistan,TJK,1990,100
Tajikistan,TJK,1991,100
Tajikistan,TJK,1992,100
Tajikistan,TJK,1993,100
Tajikistan,TJK,1994,100
Tajikistan,TJK,1995,100
Tajikistan,TJK,1996,100
Tajikistan,TJK,1997,100
Tajikistan,TJK,1998,100
Tajikistan,TJK,1999,100
Tajikistan,TJK,2000,100
Tajikistan,TJK,2001,100
Tajikistan,TJK,2002,100
Tajikistan,TJK,2003,200
Tajikistan,TJK,2004,500
Tajikistan,TJK,2005,500
Tajikistan,TJK,2006,560
Tajikistan,TJK,2007,780
Tajikistan,TJK,2008,1000
Tajikistan,TJK,2009,1200
Tajikistan,TJK,2010,1400
Tajikistan,TJK,2011,1500
Tajikistan,TJK,2012,1500
Tajikistan,TJK,2013,1400
Tajikistan,TJK,2014,1400
Tajikistan,TJK,2015,1300
Tajikistan,TJK,2016,1200
Tajikistan,TJK,2017,1100
Tajikistan,TJK,2018,1000
Tajikistan,TJK,2019,1000
Tajikistan,TJK,2020,810
Tanzania,TZA,1990,120000
Tanzania,TZA,1991,130000
Tanzania,TZA,1992,140000
Tanzania,TZA,1993,140000
Tanzania,TZA,1994,150000
Tanzania,TZA,1995,140000
Tanzania,TZA,1996,140000
Tanzania,TZA,1997,140000
Tanzania,TZA,1998,140000
Tanzania,TZA,1999,130000
Tanzania,TZA,2000,130000
Tanzania,TZA,2001,130000
Tanzania,TZA,2002,130000
Tanzania,TZA,2003,120000
Tanzania,TZA,2004,120000
Tanzania,TZA,2005,120000
Tanzania,TZA,2006,120000
Tanzania,TZA,2007,110000
Tanzania,TZA,2008,110000
Tanzania,TZA,2009,110000
Tanzania,TZA,2010,110000
Tanzania,TZA,2011,100000
Tanzania,TZA,2012,100000
Tanzania,TZA,2013,99000
Tanzania,TZA,2014,99000
Tanzania,TZA,2015,97000
Tanzania,TZA,2016,96000
Tanzania,TZA,2017,91000
Tanzania,TZA,2018,85000
Tanzania,TZA,2019,79000
Tanzania,TZA,2020,68000
Thailand,THA,1990,140000
Thailand,THA,1991,160000
Thailand,THA,1992,150000
Thailand,THA,1993,120000
Thailand,THA,1994,97000
Thailand,THA,1995,79000
Thailand,THA,1996,66000
Thailand,THA,1997,56000
Thailand,THA,1998,50000
Thailand,THA,1999,45000
Thailand,THA,2000,40000
Thailand,THA,2001,37000
Thailand,THA,2002,33000
Thailand,THA,2003,30000
Thailand,THA,2004,27000
Thailand,THA,2005,23000
Thailand,THA,2006,21000
Thailand,THA,2007,19000
Thailand,THA,2008,17000
Thailand,THA,2009,16000
Thailand,THA,2010,15000
Thailand,THA,2011,14000
Thailand,THA,2012,13000
Thailand,THA,2013,12000
Thailand,THA,2014,12000
Thailand,THA,2015,11000
Thailand,THA,2016,9500
Thailand,THA,2017,8800
Thailand,THA,2018,7900
Thailand,THA,2019,7200
Thailand,THA,2020,6600
Timor,TLS,1990,100
Timor,TLS,1991,100
Timor,TLS,1992,100
Timor,TLS,1993,100
Timor,TLS,1994,100
Timor,TLS,1995,100
Timor,TLS,1996,100
Timor,TLS,1997,100
Timor,TLS,1998,100
Timor,TLS,1999,100
Timor,TLS,2000,100
Timor,TLS,2001,100
Timor,TLS,2002,100
Timor,TLS,2003,100
Timor,TLS,2004,100
Timor,TLS,2005,100
Timor,TLS,2006,100
Timor,TLS,2007,100
Timor,TLS,2008,100
Timor,TLS,2009,100
Timor,TLS,2010,100
Timor,TLS,2011,100
Timor,TLS,2012,100
Timor,TLS,2013,100
Timor,TLS,2014,200
Timor,TLS,2015,200
Timor,TLS,2016,200
Timor,TLS,2017,200
Timor,TLS,2018,200
Timor,TLS,2019,200
Timor,TLS,2020,200
Togo,TGO,1990,6700
Togo,TGO,1991,7600
Togo,TGO,1992,8600
Togo,TGO,1993,9800
Togo,TGO,1994,11000
Togo,TGO,1995,12000
Togo,TGO,1996,13000
Togo,TGO,1997,14000
Togo,TGO,1998,14000
Togo,TGO,1999,13000
Togo,TGO,2000,12000
Togo,TGO,2001,12000
Togo,TGO,2002,11000
Togo,TGO,2003,10000
Togo,TGO,2004,9900
Togo,TGO,2005,9700
Togo,TGO,2006,9200
Togo,TGO,2007,9100
Togo,TGO,2008,8700
Togo,TGO,2009,8300
Togo,TGO,2010,7500
Togo,TGO,2011,6300
Togo,TGO,2012,5800
Togo,TGO,2013,5400
Togo,TGO,2014,5200
Togo,TGO,2015,5200
Togo,TGO,2016,4900
Togo,TGO,2017,4700
Togo,TGO,2018,4200
Togo,TGO,2019,3900
Togo,TGO,2020,3600
Trinidad and Tobago,TTO,1990,500
Trinidad and Tobago,TTO,1991,500
Trinidad and Tobago,TTO,1992,530
Trinidad and Tobago,TTO,1993,620
Trinidad and Tobago,TTO,1994,710
Trinidad and Tobago,TTO,1995,810
Trinidad and Tobago,TTO,1996,890
Trinidad and Tobago,TTO,1997,980
Trinidad and Tobago,TTO,1998,1000
Trinidad and Tobago,TTO,1999,1100
Trinidad and Tobago,TTO,2000,1100
Trinidad and Tobago,TTO,2001,1100
Trinidad and Tobago,TTO,2002,1100
Trinidad and Tobago,TTO,2003,1100
Trinidad and Tobago,TTO,2004,1000
Trinidad and Tobago,TTO,2005,940
Trinidad and Tobago,TTO,2006,850
Trinidad and Tobago,TTO,2007,760
Trinidad and Tobago,TTO,2008,660
Trinidad and Tobago,TTO,2009,590
Trinidad and Tobago,TTO,2010,500
Trinidad and Tobago,TTO,2011,500
Trinidad and Tobago,TTO,2012,500
Trinidad and Tobago,TTO,2013,500
Trinidad and Tobago,TTO,2014,500
Trinidad and Tobago,TTO,2015,200
Trinidad and Tobago,TTO,2016,200
Trinidad and Tobago,TTO,2017,200
Trinidad and Tobago,TTO,2018,200
Trinidad and Tobago,TTO,2019,200
Trinidad and Tobago,TTO,2020,200
Tunisia,TUN,1990,100
Tunisia,TUN,1991,100
Tunisia,TUN,1992,100
Tunisia,TUN,1993,100
Tunisia,TUN,1994,100
Tunisia,TUN,1995,100
Tunisia,TUN,1996,200
Tunisia,TUN,1997,200
Tunisia,TUN,1998,200
Tunisia,TUN,1999,200
Tunisia,TUN,2000,200
Tunisia,TUN,2001,500
Tunisia,TUN,2002,500
Tunisia,TUN,2003,500
Tunisia,TUN,2004,500
Tunisia,TUN,2005,500
Tunisia,TUN,2006,500
Tunisia,TUN,2007,500
Tunisia,TUN,2008,500
Tunisia,TUN,2009,500
Tunisia,TUN,2010,500
Tunisia,TUN,2011,500
Tunisia,TUN,2012,500
Tunisia,TUN,2013,500
Tunisia,TUN,2014,500
Tunisia,TUN,2015,500
Tunisia,TUN,2016,500
Tunisia,TUN,2017,500
Tunisia,TUN,2018,500
Tunisia,TUN,2019,500
Tunisia,TUN,2020,500
Uganda,UGA,1990,110000
Uganda,UGA,1991,110000
Uganda,UGA,1992,110000
Uganda,UGA,1993,100000
Uganda,UGA,1994,100000
Uganda,UGA,1995,100000
Uganda,UGA,1996,100000
Uganda,UGA,1997,100000
Uganda,UGA,1998,100000
Uganda,UGA,1999,100000
Uganda,UGA,2000,100000
Uganda,UGA,2001,100000
Uganda,UGA,2002,100000
Uganda,UGA,2003,100000
Uganda,UGA,2004,98000
Uganda,UGA,2005,99000
Uganda,UGA,2006,98000
Uganda,UGA,2007,99000
Uganda,UGA,2008,99000
Uganda,UGA,2009,97000
Uganda,UGA,2010,94000
Uganda,UGA,2011,89000
Uganda,UGA,2012,81000
Uganda,UGA,2013,77000
Uganda,UGA,2014,71000
Uganda,UGA,2015,66000
Uganda,UGA,2016,64000
Uganda,UGA,2017,59000
Uganda,UGA,2018,50000
Uganda,UGA,2019,48000
Uganda,UGA,2020,38000
Ukraine,UKR,1990,740
Ukraine,UKR,1991,1600
Ukraine,UKR,1992,3200
Ukraine,UKR,1993,6100
Ukraine,UKR,1994,11000
Ukraine,UKR,1995,17000
Ukraine,UKR,1996,24000
Ukraine,UKR,1997,28000
Ukraine,UKR,1998,31000
Ukraine,UKR,1999,32000
Ukraine,UKR,2000,31000
Ukraine,UKR,2001,28000
Ukraine,UKR,2002,25000
Ukraine,UKR,2003,22000
Ukraine,UKR,2004,20000
Ukraine,UKR,2005,17000
Ukraine,UKR,2006,15000
Ukraine,UKR,2007,14000
Ukraine,UKR,2008,13000
Ukraine,UKR,2009,12000
Ukraine,UKR,2010,12000
Ukraine,UKR,2011,12000
Ukraine,UKR,2012,12000
Ukraine,UKR,2013,11000
Ukraine,UKR,2014,11000
Ukraine,UKR,2015,11000
Ukraine,UKR,2016,11000
Ukraine,UKR,2017,11000
Ukraine,UKR,2018,10000
Ukraine,UKR,2019,9800
Ukraine,UKR,2020,9300
United Arab Emirates,ARE,1990,100
United Arab Emirates,ARE,1991,100
United Arab Emirates,ARE,1992,100
United Arab Emirates,ARE,1993,100
United Arab Emirates,ARE,1994,100
United Arab Emirates,ARE,1995,100
United Arab Emirates,ARE,1996,100
United Arab Emirates,ARE,1997,100
United Arab Emirates,ARE,1998,100
United Arab Emirates,ARE,1999,100
United Arab Emirates,ARE,2000,100
United Arab Emirates,ARE,2001,100
United Arab Emirates,ARE,2002,100
United Arab Emirates,ARE,2003,100
United Arab Emirates,ARE,2004,100
United Arab Emirates,ARE,2005,100
United Arab Emirates,ARE,2006,100
United Arab Emirates,ARE,2007,100
United Arab Emirates,ARE,2008,100
United Arab Emirates,ARE,2009,100
United Arab Emirates,ARE,2010,100
United Arab Emirates,ARE,2011,100
United Arab Emirates,ARE,2012,100
United Arab Emirates,ARE,2013,100
United Arab Emirates,ARE,2014,100
United Arab Emirates,ARE,2015,100
United Arab Emirates,ARE,2016,100
United Arab Emirates,ARE,2017,100
United Arab Emirates,ARE,2018,100
United Arab Emirates,ARE,2019,100
United Arab Emirates,ARE,2020,100
United States,USA,2010,40000
United States,USA,2011,39000
United States,USA,2012,39000
United States,USA,2013,37000
United States,USA,2014,38000
United States,USA,2015,38000
United States,USA,2016,38000
United States,USA,2017,37000
United States,USA,2018,36000
United States,USA,2019,35000
Uruguay,URY,1990,500
Uruguay,URY,1991,500
Uruguay,URY,1992,500
Uruguay,URY,1993,500
Uruguay,URY,1994,500
Uruguay,URY,1995,500
Uruguay,URY,1996,500
Uruguay,URY,1997,500
Uruguay,URY,1998,530
Uruguay,URY,1999,550
Uruguay,URY,2000,570
Uruguay,URY,2001,590
Uruguay,URY,2002,610
Uruguay,URY,2003,640
Uruguay,URY,2004,500
Uruguay,URY,2005,500
Uruguay,URY,2006,500
Uruguay,URY,2007,500
Uruguay,URY,2008,530
Uruguay,URY,2009,570
Uruguay,URY,2010,600
Uruguay,URY,2011,590
Uruguay,URY,2012,600
Uruguay,URY,2013,620
Uruguay,URY,2014,570
Uruguay,URY,2015,590
Uruguay,URY,2016,600
Uruguay,URY,2017,620
Uruguay,URY,2018,620
Uruguay,URY,2019,640
Uruguay,URY,2020,660
Uzbekistan,UZB,1990,100
Uzbekistan,UZB,1991,100
Uzbekistan,UZB,1992,100
Uzbekistan,UZB,1993,500
Uzbekistan,UZB,1994,500
Uzbekistan,UZB,1995,500
Uzbekistan,UZB,1996,500
Uzbekistan,UZB,1997,500
Uzbekistan,UZB,1998,200
Uzbekistan,UZB,1999,100
Uzbekistan,UZB,2000,100
Uzbekistan,UZB,2001,200
Uzbekistan,UZB,2002,500
Uzbekistan,UZB,2003,1000
Uzbekistan,UZB,2004,2300
Uzbekistan,UZB,2005,2900
Uzbekistan,UZB,2006,3500
Uzbekistan,UZB,2007,4000
Uzbekistan,UZB,2008,4400
Uzbekistan,UZB,2009,4700
Uzbekistan,UZB,2010,4900
Uzbekistan,UZB,2011,5100
Uzbekistan,UZB,2012,5200
Uzbekistan,UZB,2013,5200
Uzbekistan,UZB,2014,5100
Uzbekistan,UZB,2015,5000
Uzbekistan,UZB,2016,4700
Uzbekistan,UZB,2017,4500
Uzbekistan,UZB,2018,4100
Uzbekistan,UZB,2019,3100
Uzbekistan,UZB,2020,2700
Venezuela,VEN,1990,870
Venezuela,VEN,1991,970
Venezuela,VEN,1992,1200
Venezuela,VEN,1993,1600
Venezuela,VEN,1994,2200
Venezuela,VEN,1995,3100
Venezuela,VEN,1996,4400
Venezuela,VEN,1997,6300
Venezuela,VEN,1998,8300
Venezuela,VEN,1999,9900
Venezuela,VEN,2000,11000
Venezuela,VEN,2001,11000
Venezuela,VEN,2002,11000
Venezuela,VEN,2003,11000
Venezuela,VEN,2004,9300
Venezuela,VEN,2005,8300
Venezuela,VEN,2006,7500
Venezuela,VEN,2007,7000
Venezuela,VEN,2008,6700
Venezuela,VEN,2009,6600
Venezuela,VEN,2010,6500
Venezuela,VEN,2011,6300
Venezuela,VEN,2012,6100
Venezuela,VEN,2013,5800
Venezuela,VEN,2014,5400
Venezuela,VEN,2015,4900
Venezuela,VEN,2016,4300
Venezuela,VEN,2017,3800
Venezuela,VEN,2018,3200
Venezuela,VEN,2019,2700
Venezuela,VEN,2020,2200
Vietnam,VNM,1990,980
Vietnam,VNM,1991,2200
Vietnam,VNM,1992,4500
Vietnam,VNM,1993,8000
Vietnam,VNM,1994,12000
Vietnam,VNM,1995,15000
Vietnam,VNM,1996,17000
Vietnam,VNM,1997,18000
Vietnam,VNM,1998,18000
Vietnam,VNM,1999,19000
Vietnam,VNM,2000,20000
Vietnam,VNM,2001,20000
Vietnam,VNM,2002,21000
Vietnam,VNM,2003,21000
Vietnam,VNM,2004,20000
Vietnam,VNM,2005,19000
Vietnam,VNM,2006,18000
Vietnam,VNM,2007,17000
Vietnam,VNM,2008,16000
Vietnam,VNM,2009,15000
Vietnam,VNM,2010,14000
Vietnam,VNM,2011,14000
Vietnam,VNM,2012,13000
Vietnam,VNM,2013,12000
Vietnam,VNM,2014,11000
Vietnam,VNM,2015,11000
Vietnam,VNM,2016,9400
Vietnam,VNM,2017,8100
Vietnam,VNM,2018,7300
Vietnam,VNM,2019,6700
Vietnam,VNM,2020,6100
World,OWID_WRL,1990,2000000
World,OWID_WRL,1991,2300000
World,OWID_WRL,1992,2500000
World,OWID_WRL,1993,2700000
World,OWID_WRL,1994,2900000
World,OWID_WRL,1995,3000000
World,OWID_WRL,1996,3000000
World,OWID_WRL,1997,3000000
World,OWID_WRL,1998,3000000
World,OWID_WRL,1999,3000000
World,OWID_WRL,2000,2900000
World,OWID_WRL,2001,2800000
World,OWID_WRL,2002,2700000
World,OWID_WRL,2003,2600000
World,OWID_WRL,2004,2500000
World,OWID_WRL,2005,2400000
World,OWID_WRL,2006,2400000
World,OWID_WRL,2007,2300000
World,OWID_WRL,2008,2200000
World,OWID_WRL,2009,2200000
World,OWID_WRL,2010,2100000
World,OWID_WRL,2011,2100000
World,OWID_WRL,2012,2000000
World,OWID_WRL,2013,1900000
World,OWID_WRL,2014,1800000
World,OWID_WRL,2015,1800000
World,OWID_WRL,2016,1700000
World,OWID_WRL,2017,1700000
World,OWID_WRL,2018,1600000
World,OWID_WRL,2019,1500000
World,OWID_WRL,2020,1500000
Yemen,YEM,1990,200
Yemen,YEM,1991,200
Yemen,YEM,1992,200
Yemen,YEM,1993,200
Yemen,YEM,1994,500
Yemen,YEM,1995,500
Yemen,YEM,1996,500
Yemen,YEM,1997,500
Yemen,YEM,1998,500
Yemen,YEM,1999,500
Yemen,YEM,2000,500
Yemen,YEM,2001,500
Yemen,YEM,2002,500
Yemen,YEM,2003,500
Yemen,YEM,2004,500
Yemen,YEM,2005,500
Yemen,YEM,2006,500
Yemen,YEM,2007,530
Yemen,YEM,2008,560
Yemen,YEM,2009,600
Yemen,YEM,2010,630
Yemen,YEM,2011,670
Yemen,YEM,2012,710
Yemen,YEM,2013,750
Yemen,YEM,2014,800
Yemen,YEM,2015,840
Yemen,YEM,2016,890
Yemen,YEM,2017,930
Yemen,YEM,2018,970
Yemen,YEM,2019,1000
Yemen,YEM,2020,1100
Zambia,ZMB,1990,100000
Zambia,ZMB,1991,110000
Zambia,ZMB,1992,110000
Zambia,ZMB,1993,110000
Zambia,ZMB,1994,110000
Zambia,ZMB,1995,110000
Zambia,ZMB,1996,100000
Zambia,ZMB,1997,100000
Zambia,ZMB,1998,100000
Zambia,ZMB,1999,99000
Zambia,ZMB,2000,97000
Zambia,ZMB,2001,95000
Zambia,ZMB,2002,94000
Zambia,ZMB,2003,93000
Zambia,ZMB,2004,90000
Zambia,ZMB,2005,86000
Zambia,ZMB,2006,83000
Zambia,ZMB,2007,81000
Zambia,ZMB,2008,76000
Zambia,ZMB,2009,74000
Zambia,ZMB,2010,74000
Zambia,ZMB,2011,74000
Zambia,ZMB,2012,74000
Zambia,ZMB,2013,71000
Zambia,ZMB,2014,71000
Zambia,ZMB,2015,73000
Zambia,ZMB,2016,73000
Zambia,ZMB,2017,75000
Zambia,ZMB,2018,78000
Zambia,ZMB,2019,73000
Zambia,ZMB,2020,69000
Zimbabwe,ZWE,1990,210000
Zimbabwe,ZWE,1991,220000
Zimbabwe,ZWE,1992,220000
Zimbabwe,ZWE,1993,210000
Zimbabwe,ZWE,1994,200000
Zimbabwe,ZWE,1995,180000
Zimbabwe,ZWE,1996,160000
Zimbabwe,ZWE,1997,150000
Zimbabwe,ZWE,1998,140000
Zimbabwe,ZWE,1999,130000
Zimbabwe,ZWE,2000,120000
Zimbabwe,ZWE,2001,110000
Zimbabwe,ZWE,2002,100000
Zimbabwe,ZWE,2003,99000
Zimbabwe,ZWE,2004,95000
Zimbabwe,ZWE,2005,90000
Zimbabwe,ZWE,2006,87000
Zimbabwe,ZWE,2007,84000
Zimbabwe,ZWE,2008,80000
Zimbabwe,ZWE,2009,77000
Zimbabwe,ZWE,2010,73000
Zimbabwe,ZWE,2011,65000
Zimbabwe,ZWE,2012,56000
Zimbabwe,ZWE,2013,53000
Zimbabwe,ZWE,2014,49000
Zimbabwe,ZWE,2015,45000
Zimbabwe,ZWE,2016,41000
Zimbabwe,ZWE,2017,36000
Zimbabwe,ZWE,2018,30000
Zimbabwe,ZWE,2019,30000
Zimbabwe,ZWE,2020,25000
